0 1
0.00192674 1
0.00378294 1
0.00559636 1
0.00738356 1
0.00915456 1
0.0109155 1
0.0126702 1
0.014421 1
0.0161694 1
0.0179162 1
0.0196621 1
0.0214074 1
0.0231523 1
0.0248971 1
0.0266416 1
0.0283861 1
0.0301305 1
0.0318749 1
0.0336192 1
0.0353636 1
0.0371079 1
0.0388522 1
0.0405966 1
0.0423409 1
0.0440852 1
0.0458295 1
0.0475739 1
0.0493182 1
0.0510625 1
0.0528068 1
0.0545511 1
0.0562955 1
0.0580398 1
0.0597841 1
0.0615284 1
0.0632727 1
0.0650171 1
0.0667614 1
0.0685057 1
0.07025 1
0.0719943 1
0.0737387 1
0.075483 1
0.0772273 1
0.0789716 1
0.0807159 1
0.0824603 1
0.0842046 1
0.0859489 1
0.0876932 1
0.0894376 1
0.0911819 1
0.0929262 1
0.0946705 1
0.0964148 1
0.0981592 1
0.0999035 1
0.101648 1
0.103392 1
0.105136 1
0.106881 1
0.108625 1
0.110369 1
0.112114 1
0.113858 1
0.115602 1
0.117347 1
0.119091 1
0.120835 1
0.12258 1
0.124324 1
0.126068 1
0.127813 1
0.129557 1
0.131301 1
0.133046 1
0.13479 1
0.136534 1
0.138279 1
0.140023 1
0.141767 1
0.143511 1
0.145256 1
0.147 1
0.148744 1
0.150489 1
0.152233 1
0.153977 1
0.155722 1
0.157466 1
0.15921 1
0.160955 1
0.162699 1
0.164443 1
0.166188 1
0.167932 1
0.169676 1
0.171421 1
0.173165 1
0.174909 1
0.176654 1
0.178398 1
0.180142 1
0.181887 1
0.183631 1
0.185375 1
0.18712 1
0.188864 1
0.190608 1
0.192352 1
0.194097 1
0.195841 1
0.197585 1
0.19933 1
0.201074 1
0.202818 1
0.204563 1
0.206307 1
0.208051 1
0.209796 1
0.21154 1
0.213284 1
0.215029 1
0.216773 1
0.218517 1
0.220262 1
0.222006 1
0.22375 1
0.225495 1
0.227239 1
0.228983 1
0.230728 1
0.232472 1
0.234216 1
0.23596 1
0.237705 1
0.239449 1
0.241193 1
0.242938 1
0.244682 1
0.246426 1
0.248171 1
0.249915 1
0.251659 1
0.253404 1
0.255148 1
0.256892 1
0.258637 1
0.260381 1
0.262125 1
0.26387 1
0.265614 1
0.267358 1
0.269103 1
0.270847 1
0.272591 1
0.274336 1
0.27608 1
0.277824 1
0.279568 1
0.281313 1
0.283057 1
0.284801 1
0.286546 1
0.28829 1
0.290034 1
0.291779 1
0.293523 1
0.295267 1
0.297012 1
0.298756 1
0.3005 1
0.302245 1
0.303989 1
0.305733 1
0.307478 1
0.309222 1
0.310966 1
0.312711 1
0.314455 1
0.316199 1
0.317944 1
0.319688 1
0.321432 1
0.323177 1
0.324921 1
0.326665 1
0.328409 1
0.330154 1
0.331898 1
0.333642 1
0.335387 1
0.337131 1
0.338875 1
0.34062 1
0.342364 1
0.344108 1
0.345853 1
0.347597 1
0.349341 1
0.351086 1
0.35283 1
0.354574 1
0.356319 1
0.358063 1
0.359807 1
0.361552 1
0.363296 1
0.36504 1
0.366785 1
0.368529 1
0.370273 1
0.372017 1
0.373762 1
0.375506 1
0.37725 1
0.378995 1
0.380739 1
0.382483 1
0.384228 1
0.385972 1
0.387716 1
0.389461 1
0.391205 1
0.392949 1
0.394694 1
0.396438 1
0.398182 1
0.399927 1
0.401671 1
0.403415 1
0.40516 1
0.406904 1
0.408648 1
0.410393 1
0.412137 1
0.413881 1
0.415626 1
0.41737 1
0.419114 1
0.420858 1
0.422603 1
0.424347 1
0.426091 1
0.427836 1
0.42958 1
0.431324 1
0.433069 1
0.434813 1
0.436557 1
0.438302 1
0.440046 1
0.44179 1
0.443535 1
0.445279 1
0.447023 1
0.448768 1
0.450512 1
0.452256 1
0.454001 1
0.455745 1
0.457489 1
0.459234 1
0.460978 1
0.462722 1
0.464466 1
0.466211 1
0.467955 1
0.469699 1
0.471444 1
0.473188 1
0.474932 1
0.476677 1
0.478421 1
0.480165 1
0.48191 1
0.483654 1
0.485398 1
0.487143 1
0.488887 1
0.490631 1
0.492376 1
0.49412 1
0.495864 1
0.497609 1
0.499353 1
0.501097 1
0.502842 1
0.504586 1
0.50633 1
0.508075 1
0.509819 1
0.511563 1
0.513307 1
0.515052 1
0.516796 1
0.51854 1
0.520285 1
0.522029 1
0.523773 1
0.525518 1
0.527262 1
0.529006 1
0.530751 1
0.532495 1
0.534239 1
0.535984 1
0.537728 1
0.539472 1
0.541217 1
0.542961 1
0.544705 1
0.54645 1
0.548194 1
0.549938 1
0.551683 1
0.553427 1
0.555171 1
0.556915 1
0.55866 1
0.560404 1
0.562148 1
0.563893 1
0.565637 1
0.567381 1
0.569126 1
0.57087 1
0.572614 1
0.574359 1
0.576103 1
0.577847 1
0.579592 1
0.581336 1
0.58308 1
0.584825 1
0.586569 1
0.588313 1
0.590058 1
0.591802 1
0.593546 1
0.595291 1
0.597035 1
0.598779 1
0.600524 1
0.602268 1
0.604012 1
0.605756 1
0.607501 1
0.609245 1
0.610989 1
0.612734 1
0.614478 1
0.616222 1
0.617967 1
0.619711 1
0.621455 1
0.6232 1
0.624944 1
0.626688 1
0.628433 1
0.630177 1
0.631921 1
0.633666 1
0.63541 1
0.637154 1
0.638899 1
0.640643 1
0.642387 1
0.644132 1
0.645876 1
0.64762 1
0.649364 1
0.651109 1
0.652853 1
0.654597 1
0.656342 1
0.658086 1
0.65983 1
0.661575 1
0.663319 1
0.665063 1
0.666808 1
0.668552 1
0.670296 1
0.672041 1
0.673785 1
0.675529 1
0.677274 1
0.679018 1
0.680762 1
0.682507 1
0.684251 1
0.685995 1
0.68774 1
0.689484 1
0.691228 1
0.692973 1
0.694717 1
0.696461 1
0.698205 1
0.69995 1
0.701694 1
0.703438 1
0.705183 1
0.706927 1
0.708671 1
0.710416 1
0.71216 1
0.713904 1
0.715649 1
0.717393 1
0.719137 1
0.720882 1
0.722626 1
0.72437 1
0.726115 1
0.727859 1
0.729603 1
0.731348 1
0.733092 1
0.734836 1
0.736581 1
0.738325 1
0.740069 1
0.741813 1
0.743558 1
0.745302 1
0.747046 1
0.748791 1
0.750535 1
0.752279 1
0.754024 1
0.755768 1
0.757512 1
0.759257 1
0.761001 1
0.762745 1
0.76449 1
0.766234 1
0.767978 1
0.769723 1
0.771467 1
0.773211 1
0.774956 1
0.7767 1
0.778444 1
0.780189 1
0.781933 1
0.783677 1
0.785422 1
0.787166 1
0.78891 1
0.790654 1
0.792399 1
0.794143 1
0.795887 1
0.797632 1
0.799376 1
0.80112 1
0.802865 1
0.804609 1
0.806353 1
0.808098 1
0.809842 1
0.811586 1
0.813331 1
0.815075 1
0.816819 1
0.818564 1
0.820308 1
0.822052 1
0.823797 1
0.825541 1
0.827285 1
0.82903 1
0.830774 1
0.832518 1
0.834262 1
0.836007 1
0.837751 1
0.839495 1
0.84124 1
0.842984 1
0.844728 1
0.846473 1
0.848217 1
0.849961 1
0.851706 1
0.85345 1
0.855194 1
0.856939 1
0.858683 1
0.860427 1
0.862172 1
0.863916 1
0.86566 1
0.867405 1
0.869149 1
0.870893 1
0.872638 1
0.874382 1
0.876126 1
0.877871 1
0.879615 1
0.881359 1
0.883103 1
0.884848 1
0.886592 1
0.888336 1
0.890081 1
0.891825 1
0.893569 1
0.895314 1
0.897058 1
0.898802 1
0.900547 1
0.902291 1
0.904035 1
0.90578 1
0.907524 1
0.909268 1
0.911013 1
0.912757 1
0.914501 1
0.916246 1
0.91799 1
0.919734 1
0.921479 1
0.923223 1
0.924967 1
0.926712 1
0.928456 1
0.9302 1
0.931944 1
0.933689 1
0.935433 1
0.937177 1
0.938922 1
0.940666 1
0.94241 1
0.944155 1
0.945899 1
0.947643 1
0.949388 1
0.951132 1
0.952876 1
0.954621 1
0.956365 1
0.958109 1
0.959854 1
0.961598 1
0.963342 1
0.965087 1
0.966831 1
0.968575 1
0.97032 1
0.972064 1
0.973808 1
0.975552 1
0.977297 1
0.979041 1
0.980785 1
0.98253 1
0.984274 1
0.986018 1
0.987763 1
0.989507 1
0.991251 1
0.992996 1
0.99474 1
0.996484 1
0.998229 1
0.999973 1
1.00172 1
1.00346 1
1.00521 1
1.00695 1
1.00869 1
1.01044 1
1.01218 1
1.01393 1
1.01567 1
1.01742 1
1.01916 1
1.0209 1
1.02265 1
1.02439 1
1.02614 1
1.02788 1
1.02963 1
1.03137 1
1.03312 1
1.03486 1
1.0366 1
1.03835 1
1.04009 1
1.04184 1
1.04358 1
1.04533 1
1.04707 1
1.04881 1
1.05056 1
1.0523 1
1.05405 1
1.05579 1
1.05754 1
1.05928 1
1.06102 1
1.06277 1
1.06451 1
1.06626 1
1.068 1
1.06975 1
1.07149 1
1.07323 1
1.07498 1
1.07672 1
1.07847 1
1.08021 1
1.08196 1
1.0837 1
1.08544 1
1.08719 1
1.08893 1
1.09068 1
1.09242 1
1.09417 1
1.09591 1
1.09765 1
1.0994 1
1.10114 1
1.10289 1
1.10463 1
1.10638 1
1.10812 1
1.10987 1
1.11161 1
1.11335 1
1.1151 1
1.11684 1
1.11859 1
1.12033 1
1.12208 1
1.12382 1
1.12556 1
1.12731 1
1.12905 1
1.1308 1
1.13254 1
1.13429 1
1.13603 1
1.13777 1
1.13952 1
1.14126 1
1.14301 1
1.14475 1
1.1465 1
1.14824 1
1.14998 1
1.15173 1
1.15347 1
1.15522 1
1.15696 1
1.15871 1
1.16045 1
1.16219 1
1.16394 1
1.16568 1
1.16743 1
1.16917 1
1.17092 1
1.17266 1
1.17441 1
1.17615 1
1.17789 1
1.17964 1
1.18138 1
1.18313 1
1.18487 1
1.18662 1
1.18836 1
1.1901 1
1.19185 1
1.19359 1
1.19534 1
1.19708 1
1.19883 1
1.20057 1
1.20231 1
1.20406 1
1.2058 1
1.20755 1
1.20929 1
1.21104 1
1.21278 1
1.21452 1
1.21627 1
1.21801 1
1.21976 1
1.2215 1
1.22325 1
1.22499 1
1.22673 1
1.22848 1
1.23022 1
1.23197 1
1.23371 1
1.23546 1
1.2372 1
1.23894 1
1.24069 1
1.24243 1
1.24418 1
1.24592 1
1.24767 1
1.24941 1
1.25116 1
1.2529 1
1.25464 1
1.25639 1
1.25813 1
1.25988 1
1.26162 1
1.26337 1
1.26511 1
1.26685 1
1.2686 1
1.27034 1
1.27209 1
1.27383 1
1.27558 1
1.27732 1
1.27906 1
1.28081 1
1.28255 1
1.2843 1
1.28604 1
1.28779 1
1.28953 1
1.29127 1
1.29302 1
1.29476 1
1.29651 1
1.29825 1
1.3 1
1.30174 1
1.30348 1
1.30523 1
1.30697 1
1.30872 1
1.31046 1
1.31221 1
1.31395 1
1.3157 1
1.31744 1
1.31918 1
1.32093 1
1.32267 1
1.32442 1
1.32616 1
1.32791 1
1.32965 1
1.33139 1
1.33314 1
1.33488 1
1.33663 1
1.33837 1
1.34012 1
1.34186 1
1.3436 1
1.34535 1
1.34709 1
1.34884 1
1.35058 1
1.35233 1
1.35407 1
1.35581 1
1.35756 1
1.3593 1
1.36105 1
1.36279 1
1.36454 1
1.36628 1
1.36802 1
1.36977 1
1.37151 1
1.37326 1
1.375 1
1.37675 1
1.37849 1
1.38023 1
1.38198 1
1.38372 1
1.38547 1
1.38721 1
1.38896 1
1.3907 1
1.39245 1
1.39419 1
1.39593 1
1.39768 1
1.39942 1
1.40117 1
1.40291 1
1.40466 1
1.4064 1
1.40814 1
1.40989 1
1.41163 1
1.41338 1
1.41512 1
1.41687 1
1.41861 1
1.42035 1
1.4221 1
1.42384 1
1.42559 1
1.42733 1
1.42908 1
1.43082 1
1.43256 1
1.43431 1
1.43605 1
1.4378 1
1.43954 1
1.44129 1
1.44303 1
1.44477 1
1.44652 1
1.44826 1
1.45001 1
1.45175 1
1.4535 1
1.45524 1
1.45699 1
1.45873 1
1.46047 1
1.46222 1
1.46396 1
1.46571 1
1.46745 1
1.4692 1
1.47094 1
1.47268 1
1.47443 1
1.47617 1
1.47792 1
1.47966 1
1.48141 1
1.48315 1
1.48489 1
1.48664 1
1.48838 1
1.49013 1
1.49187 1
1.49362 1
1.49536 1
1.4971 1
1.49885 1
1.50059 1
1.50234 1
1.50408 1
1.50583 1
1.50757 1
1.50931 1
1.51106 1
1.5128 1
1.51455 1
1.51629 1
1.51804 1
1.51978 1
1.52152 1
1.52327 1
1.52501 1
1.52676 1
1.5285 1
1.53025 1
1.53199 1
1.53374 1
1.53548 1
1.53722 1
1.53897 1
1.54071 1
1.54246 1
1.5442 1
1.54595 1
1.54769 1
1.54943 1
1.55118 1
1.55292 1
1.55467 1
1.55641 1
1.55816 1
1.5599 1
1.56164 1
1.56339 1
1.56513 1
1.56688 1
1.56862 1
1.57037 1
1.57211 1
1.57385 1
1.5756 1
1.57734 1
1.57909 1
1.58083 1
1.58258 1
1.58432 1
1.58606 1
1.58781 1
1.58955 1
1.5913 1
1.59304 1
1.59479 1
1.59653 1
1.59828 1
1.60002 1
1.60176 1
1.60351 1
1.60525 1
1.607 1
1.60874 1
1.61049 1
1.61223 1
1.61397 1
1.61572 1
1.61746 1
1.61921 1
1.62095 1
1.6227 1
1.62444 1
1.62618 1
1.62793 1
1.62967 1
1.63142 1
1.63316 1
1.63491 1
1.63665 1
1.63839 1
1.64014 1
1.64188 1
1.64363 1
1.64537 1
1.64712 1
1.64886 1
1.6506 1
1.65235 1
1.65409 1
1.65584 1
1.65758 1
1.65933 1
1.66107 1
1.66281 1
1.66456 1
1.6663 1
1.66805 1
1.66979 1
1.67154 1
1.67328 1
1.67503 1
1.67677 1
1.67851 1
1.68026 1
1.682 1
1.68375 1
1.68549 1
1.68724 1
1.68898 1
1.69072 1
1.69247 1
1.69421 1
1.69596 1
1.6977 1
1.69945 1
1.70119 1
1.70293 1
1.70468 1
1.70642 1
1.70817 1
1.70991 1
1.71166 1
1.7134 1
1.71514 1
1.71689 1
1.71863 1
1.72038 1
1.72212 1
1.72387 1
1.72561 1
1.72735 1
1.7291 1
1.73084 1
1.73259 1
1.73433 1
1.73608 1
1.73782 1
1.73957 1
1.74131 1
1.74305 1
1.7448 1
1.74654 1
1.74829 1
1.75003 1
1.75178 1
1.75352 1
1.75526 1
1.75701 1
1.75875 1
1.7605 1
1.76224 1
1.76399 1
1.76573 1
1.76747 1
1.76922 1
1.77096 1
1.77271 1
1.77445 1
1.7762 1
1.77794 1
1.77968 1
1.78143 1
1.78317 1
1.78492 1
1.78666 1
1.78841 1
1.79015 1
1.79189 1
1.79364 1
1.79538 1
1.79713 1
1.79887 1
1.80062 1
1.80236 1
1.8041 1
1.80585 1
1.80759 1
1.80934 1
1.81108 1
1.81283 1
1.81457 1
1.81632 1
1.81806 1
1.8198 1
1.82155 1
1.82329 1
1.82504 1
1.82678 1
1.82853 1
1.83027 1
1.83201 1
1.83376 1
1.8355 1
1.83725 1
1.83899 1
1.84074 1
1.84248 1
1.84422 1
1.84597 1
1.84771 1
1.84946 1
1.8512 1
1.85295 1
1.85469 1
1.85643 1
1.85818 1
1.85992 1
1.86167 1
1.86341 1
1.86516 1
1.8669 1
1.86864 1
1.87039 1
1.87213 1
1.87388 1
1.87562 1
1.87737 1
1.87911 1
1.88086 1
1.8826 1
1.88434 1
1.88609 1
1.88783 1
1.88958 1
1.89132 1
1.89307 1
1.89481 1
1.89655 1
1.8983 1
1.90004 1
1.90179 1
1.90353 1
1.90528 1
1.90702 1
1.90876 1
1.91051 1
1.91225 1
1.914 1
1.91574 1
1.91749 1
1.91923 1
1.92097 1
1.92272 1
1.92446 1
1.92621 1
1.92795 1
1.9297 1
1.93144 1
1.93318 1
1.93493 1
1.93667 1
1.93842 1
1.94016 1
1.94191 1
1.94365 1
1.94539 1
1.94714 1
1.94888 1
1.95063 1
1.95237 1
1.95412 1
1.95586 1
1.95761 1
1.95935 1
1.96109 1
1.96284 1
1.96458 1
1.96633 1
1.96807 1
1.96982 1
1.97156 1
1.9733 1
1.97505 1
1.97679 1
1.97854 1
1.98028 1
1.98203 1
1.98377 1
1.98551 1
1.98726 1
1.989 1
1.99075 1
1.99249 1
1.99424 1
1.99598 1
1.99772 1
1.99947 1
2.00121 1
2.00296 1
2.0047 1
2.00645 1
2.00819 1
2.00993 1
2.01168 1
2.01342 1
2.01517 1
2.01691 1
2.01866 1
2.0204 1
2.02215 1
2.02389 1
2.02563 1
2.02738 1
2.02912 1
2.03087 1
2.03261 1
2.03436 1
2.0361 1
2.03784 1
2.03959 1
2.04133 1
2.04308 1
2.04482 1
2.04657 1
2.04831 1
2.05005 1
2.0518 1
2.05354 1
2.05529 1
2.05703 1
2.05878 1
2.06052 1
2.06226 1
2.06401 1
2.06575 1
2.0675 1
2.06924 1
2.07099 1
2.07273 1
2.07447 1
2.07622 1
2.07796 1
2.07971 1
2.08145 1
2.0832 1
2.08494 1
2.08668 1
2.08843 1
2.09017 1
2.09192 1
2.09366 1
2.09541 1
2.09715 1
2.0989 1
2.10064 1
2.10238 1
2.10413 1
2.10587 1
2.10762 1
2.10936 1
2.11111 1
2.11285 1
2.11459 1
2.11634 1
2.11808 1
2.11983 1
2.12157 1
2.12332 1
2.12506 1
2.1268 1
2.12855 1
2.13029 1
2.13204 1
2.13378 1
2.13553 1
2.13727 1
2.13901 1
2.14076 1
2.1425 1
2.14425 1
2.14599 1
2.14774 1
2.14948 1
2.15122 1
2.15297 1
2.15471 1
2.15646 1
2.1582 1
2.15995 1
2.16169 1
2.16344 1
2.16518 1
2.16692 1
2.16867 1
2.17041 1
2.17216 1
2.1739 1
2.17565 1
2.17739 1
2.17913 1
2.18088 1
2.18262 1
2.18437 1
2.18611 1
2.18786 1
2.1896 1
2.19134 1
2.19309 1
2.19483 1
2.19658 1
2.19832 1
2.20007 1
2.20181 1
2.20355 1
2.2053 1
2.20704 1
2.20879 1
2.21053 1
2.21228 1
2.21402 1
2.21576 1
2.21751 1
2.21925 1
2.221 1
2.22274 1
2.22449 1
2.22623 1
2.22797 1
2.22972 1
2.23146 1
2.23321 1
2.23495 1
2.2367 1
2.23844 1
2.24019 1
2.24193 1
2.24367 1
2.24542 1
2.24716 1
2.24891 1
2.25065 1
2.2524 1
2.25414 1
2.25588 1
2.25763 1
2.25937 1
2.26112 1
2.26286 1
2.26461 1
2.26635 1
2.26809 1
2.26984 1
2.27158 1
2.27333 1
2.27507 1
2.27682 1
2.27856 1
2.2803 1
2.28205 1
2.28379 1
2.28554 1
2.28728 1
2.28903 1
2.29077 1
2.29251 1
2.29426 1
2.296 1
2.29775 1
2.29949 1
2.30124 1
2.30298 1
2.30473 1
2.30647 1
2.30821 1
2.30996 1
2.3117 1
2.31345 1
2.31519 1
2.31694 1
2.31868 1
2.32042 1
2.32217 1
2.32391 1
2.32566 1
2.3274 1
2.32915 1
2.33089 1
2.33263 1
2.33438 1
2.33612 1
2.33787 1
2.33961 1
2.34136 1
2.3431 1
2.34484 1
2.34659 1
2.34833 1
2.35008 1
2.35182 1
2.35357 1
2.35531 1
2.35705 1
2.3588 1
2.36054 1
2.36229 1
2.36403 1
2.36578 1
2.36752 1
2.36926 1
2.37101 1
2.37275 1
2.3745 1
2.37624 1
2.37799 1
2.37973 1
2.38148 1
2.38322 1
2.38496 1
2.38671 1
2.38845 1
2.3902 1
2.39194 1
2.39369 1
2.39543 1
2.39717 1
2.39892 1
2.40066 1
2.40241 1
2.40415 1
2.4059 1
2.40764 1
2.40938 1
2.41113 1
2.41287 1
2.41462 1
2.41636 1
2.41811 1
2.41985 1
2.42159 1
2.42334 1
2.42508 1
2.42683 1
2.42857 1
2.43032 1
2.43206 1
2.4338 1
2.43555 1
2.43729 1
2.43904 1
2.44078 1
2.44253 1
2.44427 1
2.44602 1
2.44776 1
2.4495 1
2.45125 1
2.45299 1
2.45474 1
2.45648 1
2.45823 1
2.45997 1
2.46171 1
2.46346 1
2.4652 1
2.46695 1
2.46869 1
2.47044 1
2.47218 1
2.47392 1
2.47567 1
2.47741 1
2.47916 1
2.4809 1
2.48265 1
2.48439 1
2.48613 1
2.48788 1
2.48962 1
2.49137 1
2.49311 1
2.49486 1
2.4966 1
2.49834 1
2.50009 1
2.50183 1
2.50358 1
2.50532 1
2.50707 1
2.50881 1
2.51055 1
2.5123 1
2.51404 1
2.51579 1
2.51753 1
2.51928 1
2.52102 1
2.52277 1
2.52451 1
2.52625 1
2.528 1
2.52974 1
2.53149 1
2.53323 1
2.53498 1
2.53672 1
2.53846 1
2.54021 1
2.54195 1
2.5437 1
2.54544 1
2.54719 1
2.54893 1
2.55067 1
2.55242 1
2.55416 1
2.55591 1
2.55765 1
2.5594 1
2.56114 1
2.56288 1
2.56463 1
2.56637 1
2.56812 1
2.56986 1
2.57161 1
2.57335 1
2.57509 1
2.57684 1
2.57858 1
2.58033 1
2.58207 1
2.58382 1
2.58556 1
2.58731 1
2.58905 1
2.59079 1
2.59254 1
2.59428 1
2.59603 1
2.59777 1
2.59952 1
2.60126 1
2.603 1
2.60475 1
2.60649 1
2.60824 1
2.60998 1
2.61173 1
2.61347 1
2.61521 1
2.61696 1
2.6187 1
2.62045 1
2.62219 1
2.62394 1
2.62568 1
2.62742 1
2.62917 1
2.63091 1
2.63266 1
2.6344 1
2.63615 1
2.63789 1
2.63963 1
2.64138 1
2.64312 1
2.64487 1
2.64661 1
2.64836 1
2.6501 1
2.65184 1
2.65359 1
2.65533 1
2.65708 1
2.65882 1
2.66057 1
2.66231 1
2.66406 1
2.6658 1
2.66754 1
2.66929 1
2.67103 1
2.67278 1
2.67452 1
2.67627 1
2.67801 1
2.67975 1
2.6815 1
2.68324 1
2.68499 1
2.68673 1
2.68848 1
2.69022 1
2.69196 1
2.69371 1
2.69545 1
2.6972 1
2.69894 1
2.70069 1
2.70243 1
2.70417 1
2.70592 1
2.70766 1
2.70941 1
2.71115 1
2.7129 1
2.71464 1
2.71638 1
2.71813 1
2.71987 1
2.72162 1
2.72336 1
2.72511 1
2.72685 1
2.7286 1
2.73034 1
2.73208 1
2.73383 1
2.73557 1
2.73732 1
2.73906 1
2.74081 1
2.74255 1
2.74429 1
2.74604 1
2.74778 1
2.74953 1
2.75127 1
2.75302 1
2.75476 1
2.7565 1
2.75825 1
2.75999 1
2.76174 1
2.76348 1
2.76523 1
2.76697 1
2.76871 1
2.77046 1
2.7722 1
2.77395 1
2.77569 1
2.77744 1
2.77918 1
2.78092 1
2.78267 1
2.78441 1
2.78616 1
2.7879 1
2.78965 1
2.79139 1
2.79313 1
2.79488 1
2.79662 1
2.79837 1
2.80011 1
2.80186 1
2.8036 1
2.80535 1
2.80709 1
2.80883 1
2.81058 1
2.81232 1
2.81407 1
2.81581 1
2.81756 1
2.8193 1
2.82104 1
2.82279 1
2.82453 1
2.82628 1
2.82802 1
2.82977 1
2.83151 1
2.83325 1
2.835 1
2.83674 1
2.83849 1
2.84023 1
2.84198 1
2.84372 1
2.84546 1
2.84721 1
2.84895 1
2.8507 1
2.85244 1
2.85419 1
2.85593 1
2.85767 1
2.85942 1
2.86116 1
2.86291 1
2.86465 1
2.8664 1
2.86814 1
2.86989 1
2.87163 1
2.87337 1
2.87512 1
2.87686 1
2.87861 1
2.88035 1
2.8821 1
2.88384 1
2.88558 1
2.88733 1
2.88907 1
2.89082 1
2.89256 1
2.89431 1
2.89605 1
2.89779 1
2.89954 1
2.90128 1
2.90303 1
2.90477 1
2.90652 1
2.90826 1
2.91 1
2.91175 1
2.91349 1
2.91524 1
2.91698 1
2.91873 1
2.92047 1
2.92221 1
2.92396 1
2.9257 1
2.92745 1
2.92919 1
2.93094 1
2.93268 1
2.93442 1
2.93617 1
2.93791 1
2.93966 1
2.9414 1
2.94315 1
2.94489 1
2.94664 1
2.94838 1
2.95012 1
2.95187 1
2.95361 1
2.95536 1
2.9571 1
2.95885 1
2.96059 1
2.96233 1
2.96408 1
2.96582 1
2.96757 1
2.96931 1
2.97106 1
2.9728 1
2.97454 1
2.97629 1
2.97803 1
2.97978 1
2.98152 1
2.98327 1
2.98501 1
2.98675 1
2.9885 1
2.99024 1
2.99199 1
2.99373 1
2.99548 1
2.99722 1
2.99896 1
3.00071 1
3.00245 1
3.0042 1
3.00594 1
3.00769 1
3.00943 1
3.01117 1
3.01292 1
3.01466 1
3.01641 1
3.01815 1
3.0199 1
3.02164 1
3.02339 1
3.02513 1
3.02687 1
3.02862 1
3.03036 1
3.03211 1
3.03385 1
3.0356 1
3.03734 1
3.03908 1
3.04083 1
3.04257 1
3.04432 1
3.04606 1
3.04781 1
3.04955 1
3.05129 1
3.05304 1
3.05478 1
3.05653 1
3.05827 1
3.06002 1
3.06176 1
3.0635 1
3.06525 1
3.06699 1
3.06874 1
3.07048 1
3.07223 1
3.07397 1
3.07571 1
3.07746 1
3.0792 1
3.08095 1
3.08269 1
3.08444 1
3.08618 1
3.08793 1
3.08967 1
3.09141 1
3.09316 1
3.0949 1
3.09665 1
3.09839 1
3.10014 1
3.10188 1
3.10362 1
3.10537 1
3.10711 1
3.10886 1
3.1106 1
3.11235 1
3.11409 1
3.11583 1
3.11758 1
3.11932 1
3.12107 1
3.12281 1
3.12456 1
3.1263 1
3.12804 1
3.12979 1
3.13153 1
3.13328 1
3.13502 1
3.13677 1
3.13851 1
3.14025 1
3.142 1
3.14374 1
3.14549 1
3.14723 1
3.14898 1
3.15072 1
3.15246 1
3.15421 1
3.15595 1
3.1577 1
3.15944 1
3.16119 1
3.16293 1
3.16468 1
3.16642 1
3.16816 1
3.16991 1
3.17165 1
3.1734 1
3.17514 1
3.17689 1
3.17863 1
3.18037 1
3.18212 1
3.18386 1
3.18561 1
3.18735 1
3.1891 1
3.19084 1
3.19258 1
3.19433 1
3.19607 1
3.19782 1
3.19956 1
3.20131 1
3.20305 1
3.20479 1
3.20654 1
3.20828 1
3.21003 1
3.21177 1
3.21352 1
3.21526 1
3.217 1
3.21875 1
3.22049 1
3.22224 1
3.22398 1
3.22573 1
3.22747 1
3.22922 1
3.23096 1
3.2327 1
3.23445 1
3.23619 1
3.23794 1
3.23968 1
3.24143 1
3.24317 1
3.24491 1
3.24666 1
3.2484 1
3.25015 1
3.25189 1
3.25364 1
3.25538 1
3.25712 1
3.25887 1
3.26061 1
3.26236 1
3.2641 1
3.26585 1
3.26759 1
3.26933 1
3.27108 1
3.27282 1
3.27457 1
3.27631 1
3.27806 1
3.2798 1
3.28154 1
3.28329 1
3.28503 1
3.28678 1
3.28852 1
3.29027 1
3.29201 1
3.29375 1
3.2955 1
3.29724 1
3.29899 1
3.30073 1
3.30248 1
3.30422 1
3.30597 1
3.30771 1
3.30945 1
3.3112 1
3.31294 1
3.31469 1
3.31643 1
3.31818 1
3.31992 1
3.32166 1
3.32341 1
3.32515 1
3.3269 1
3.32864 1
3.33039 1
3.33213 1
3.33387 1
3.33562 1
3.33736 1
3.33911 1
3.34085 1
3.3426 1
3.34434 1
3.34608 1
3.34783 1
3.34957 1
3.35132 1
3.35306 1
3.35481 1
3.35655 1
3.35829 1
3.36004 1
3.36178 1
3.36353 1
3.36527 1
3.36702 1
3.36876 1
3.37051 1
3.37225 1
3.37399 1
3.37574 1
3.37748 1
3.37923 1
3.38097 1
3.38272 1
3.38446 1
3.3862 1
3.38795 1
3.38969 1
3.39144 1
3.39318 1
3.39493 1
3.39667 1
3.39841 1
3.40016 1
3.4019 1
3.40365 1
3.40539 1
3.40714 1
3.40888 1
3.41062 1
3.41237 1
3.41411 1
3.41586 1
3.4176 1
3.41935 1
3.42109 1
3.42283 1
3.42458 1
3.42632 1
3.42807 1
3.42981 1
3.43156 1
3.4333 1
3.43504 1
3.43679 1
3.43853 1
3.44028 1
3.44202 1
3.44377 1
3.44551 1
3.44726 1
3.449 1
3.45074 1
3.45249 1
3.45423 1
3.45598 1
3.45772 1
3.45947 1
3.46121 1
3.46295 1
3.4647 1
3.46644 1
3.46819 1
3.46993 1
3.47168 1
3.47342 1
3.47516 1
3.47691 1
3.47865 1
3.4804 1
3.48214 1
3.48389 1
3.48563 1
3.48737 1
3.48912 1
3.49086 1
3.49261 1
3.49435 1
3.4961 1
3.49784 1
3.49958 1
3.50133 1
3.50307 1
3.50482 1
3.50656 1
3.50831 1
3.51005 1
3.51179 1
3.51354 1
3.51528 1
3.51703 1
3.51877 1
3.52052 1
3.52226 1
3.52401 1
3.52575 1
3.52749 1
3.52924 1
3.53098 1
3.53273 1
3.53447 1
3.53622 1
3.53796 1
3.5397 1
3.54145 1
3.54319 1
3.54494 1
3.54668 1
3.54843 1
3.55017 1
3.55191 1
3.55366 1
3.5554 1
3.55715 1
3.55889 1
3.56064 1
3.56238 1
3.56412 1
3.56587 1
3.56761 1
3.56936 1
3.5711 1
3.57285 1
3.57459 1
3.57633 1
3.57808 1
3.57982 1
3.58157 1
3.58331 1
3.58506 1
3.5868 1
3.58855 1
3.59029 1
3.59203 1
3.59378 1
3.59552 1
3.59727 1
3.59901 1
3.60076 1
3.6025 1
3.60424 1
3.60599 1
3.60773 1
3.60948 1
3.61122 1
3.61297 1
3.61471 1
3.61645 1
3.6182 1
3.61994 1
3.62169 1
3.62343 1
3.62518 1
3.62692 1
3.62866 1
3.63041 1
3.63215 1
3.6339 1
3.63564 1
3.63739 1
3.63913 1
3.64087 1
3.64262 1
3.64436 1
3.64611 1
3.64785 1
3.6496 1
3.65134 1
3.65308 1
3.65483 1
3.65657 1
3.65832 1
3.66006 1
3.66181 1
3.66355 1
3.6653 0.999999
3.66704 0.999999
3.66878 0.999999
3.67053 0.999999
3.67227 0.999999
3.67402 0.999999
3.67576 0.999999
3.67751 0.999999
3.67925 0.999999
3.68099 0.999999
3.68274 0.999999
3.68448 0.999999
3.68623 0.999999
3.68797 0.999999
3.68972 0.999999
3.69146 0.999999
3.6932 0.999999
3.69495 0.999999
3.69669 0.999999
3.69844 0.999999
3.70018 0.999999
3.70193 0.999999
3.70367 0.999999
3.70541 0.999999
3.70716 0.999999
3.7089 0.999999
3.71065 0.999999
3.71239 0.999999
3.71414 0.999999
3.71588 0.999999
3.71762 0.999999
3.71937 0.999999
3.72111 0.999999
3.72286 0.999999
3.7246 0.999999
3.72635 0.999999
3.72809 0.999999
3.72983 0.999999
3.73158 0.999999
3.73332 0.999999
3.73507 0.999999
3.73681 0.999999
3.73856 0.999999
3.7403 0.999999
3.74205 0.999999
3.74379 0.999999
3.74553 0.999999
3.74728 0.999999
3.74902 0.999999
3.75077 0.999999
3.75251 0.999999
3.75426 0.999999
3.756 0.999999
3.75774 0.999999
3.75949 0.999999
3.76123 0.999999
3.76298 0.999999
3.76472 0.999999
3.76647 0.999999
3.76821 0.999999
3.76995 0.999999
3.7717 0.999999
3.77344 0.999999
3.77519 0.999999
3.77693 0.999999
3.77868 0.999999
3.78042 0.999999
3.78216 0.999999
3.78391 0.999999
3.78565 0.999999
3.7874 0.999999
3.78914 0.999999
3.79089 0.999999
3.79263 0.999999
3.79437 0.999999
3.79612 0.999999
3.79786 0.999999
3.79961 0.999999
3.80135 0.999999
3.8031 0.999999
3.80484 0.999999
3.80659 0.999999
3.80833 0.999999
3.81007 0.999999
3.81182 0.999999
3.81356 0.999999
3.81531 0.999999
3.81705 0.999999
3.8188 0.999999
3.82054 0.999999
3.82228 0.999999
3.82403 0.999999
3.82577 0.999999
3.82752 0.999999
3.82926 0.999999
3.83101 0.999999
3.83275 0.999999
3.83449 0.999999
3.83624 0.999999
3.83798 0.999999
3.83973 0.999999
3.84147 0.999999
3.84322 0.999999
3.84496 0.999999
3.8467 0.999999
3.84845 0.999999
3.85019 0.999999
3.85194 0.999999
3.85368 0.999999
3.85543 0.999999
3.85717 0.999999
3.85891 0.999999
3.86066 0.999999
3.8624 0.999999
3.86415 0.999999
3.86589 0.999999
3.86764 0.999999
3.86938 0.999999
3.87112 0.999999
3.87287 0.999999
3.87461 0.999999
3.87636 0.999999
3.8781 0.999999
3.87985 0.999999
3.88159 0.999999
3.88334 0.999999
3.88508 0.999999
3.88682 0.999999
3.88857 0.999999
3.89031 0.999999
3.89206 0.999999
3.8938 0.999999
3.89555 0.999999
3.89729 0.999999
3.89903 0.999999
3.90078 0.999999
3.90252 0.999999
3.90427 0.999999
3.90601 0.999999
3.90776 0.999999
3.9095 0.999999
3.91124 0.999999
3.91299 0.999999
3.91473 0.999999
3.91648 0.999999
3.91822 0.999999
3.91997 0.999999
3.92171 0.999999
3.92345 0.999999
3.9252 0.999999
3.92694 0.999999
3.92869 0.999999
3.93043 0.999999
3.93218 0.999999
3.93392 0.999999
3.93566 0.999999
3.93741 0.999999
3.93915 0.999999
3.9409 0.999999
3.94264 0.999999
3.94439 0.999999
3.94613 0.999999
3.94787 0.999999
3.94962 0.999999
3.95136 0.999999
3.95311 0.999999
3.95485 0.999999
3.9566 0.999999
3.95834 0.999999
3.96009 0.999999
3.96183 0.999999
3.96357 0.999999
3.96532 0.999999
3.96706 0.999999
3.96881 0.999999
3.97055 0.999999
3.9723 0.999999
3.97404 0.999999
3.97578 0.999999
3.97753 0.999999
3.97927 0.999999
3.98102 0.999999
3.98276 0.999999
3.98451 0.999999
3.98625 0.999999
3.98799 0.999999
3.98974 0.999999
3.99148 0.999999
3.99323 0.999999
3.99497 0.999999
3.99672 0.999999
3.99846 0.999999
4.0002 0.999999
4.00195 0.999999
4.00369 0.999999
4.00544 0.999999
4.00718 0.999999
4.00893 0.999999
4.01067 0.999999
4.01241 0.999999
4.01416 0.999999
4.0159 0.999999
4.01765 0.999999
4.01939 0.999999
4.02114 0.999999
4.02288 0.999999
4.02463 0.999999
4.02637 0.999999
4.02811 0.999999
4.02986 0.999999
4.0316 0.999999
4.03335 0.999999
4.03509 0.999999
4.03684 0.999999
4.03858 0.999999
4.04032 0.999999
4.04207 0.999999
4.04381 0.999999
4.04556 0.999999
4.0473 0.999999
4.04905 0.999999
4.05079 0.999999
4.05253 0.999999
4.05428 0.999999
4.05602 0.999999
4.05777 0.999999
4.05951 0.999999
4.06126 0.999999
4.063 0.999999
4.06474 0.999999
4.06649 0.999999
4.06823 0.999999
4.06998 0.999999
4.07172 0.999999
4.07347 0.999999
4.07521 0.999999
4.07695 0.999999
4.0787 0.999999
4.08044 0.999999
4.08219 0.999999
4.08393 0.999999
4.08568 0.999999
4.08742 0.999999
4.08916 0.999999
4.09091 0.999999
4.09265 0.999999
4.0944 0.999999
4.09614 0.999999
4.09789 0.999999
4.09963 0.999999
4.10138 0.999999
4.10312 0.999999
4.10486 0.999999
4.10661 0.999999
4.10835 0.999999
4.1101 0.999999
4.11184 0.999999
4.11359 0.999999
4.11533 0.999999
4.11707 0.999999
4.11882 0.999999
4.12056 0.999999
4.12231 0.999999
4.12405 0.999999
4.1258 0.999999
4.12754 0.999999
4.12928 0.999999
4.13103 0.999999
4.13277 0.999999
4.13452 0.999999
4.13626 0.999999
4.13801 0.999999
4.13975 0.999999
4.14149 0.999999
4.14324 0.999999
4.14498 0.999999
4.14673 0.999999
4.14847 0.999999
4.15022 0.999999
4.15196 0.999999
4.1537 0.999999
4.15545 0.999999
4.15719 0.999999
4.15894 0.999999
4.16068 0.999999
4.16243 0.999999
4.16417 0.999999
4.16591 0.999999
4.16766 0.999999
4.1694 0.999999
4.17115 0.999999
4.17289 0.999999
4.17464 0.999999
4.17638 0.999999
4.17813 0.999999
4.17987 0.999999
4.18161 0.999999
4.18336 0.999999
4.1851 0.999999
4.18685 0.999999
4.18859 0.999999
4.19034 0.999999
4.19208 0.999999
4.19382 0.999999
4.19557 0.999999
4.19731 0.999999
4.19906 0.999999
4.2008 0.999999
4.20255 0.999999
4.20429 0.999999
4.20603 0.999999
4.20778 0.999999
4.20952 0.999999
4.21127 0.999999
4.21301 0.999999
4.21476 0.999999
4.2165 0.999999
4.21824 0.999999
4.21999 0.999999
4.22173 0.999999
4.22348 0.999999
4.22522 0.999999
4.22697 0.999999
4.22871 0.999999
4.23045 0.999999
4.2322 0.999999
4.23394 0.999999
4.23569 0.999999
4.23743 0.999999
4.23918 0.999999
4.24092 0.999999
4.24267 0.999999
4.24441 0.999999
4.24615 0.999999
4.2479 0.999999
4.24964 0.999999
4.25139 0.999999
4.25313 0.999999
4.25488 0.999999
4.25662 0.999999
4.25836 0.999999
4.26011 0.999999
4.26185 0.999999
4.2636 0.999999
4.26534 0.999999
4.26709 0.999999
4.26883 0.999999
4.27057 0.999999
4.27232 0.999999
4.27406 0.999999
4.27581 0.999999
4.27755 0.999999
4.2793 0.999999
4.28104 0.999999
4.28278 0.999999
4.28453 0.999999
4.28627 0.999999
4.28802 0.999999
4.28976 0.999999
4.29151 0.999999
4.29325 0.999999
4.29499 0.999999
4.29674 0.999999
4.29848 0.999999
4.30023 0.999999
4.30197 0.999999
4.30372 0.999999
4.30546 0.999999
4.3072 0.999999
4.30895 0.999999
4.31069 0.999999
4.31244 0.999999
4.31418 0.999999
4.31593 0.999999
4.31767 0.999999
4.31942 0.999999
4.32116 0.999999
4.3229 0.999999
4.32465 0.999999
4.32639 0.999999
4.32814 0.999999
4.32988 0.999999
4.33163 0.999999
4.33337 0.999999
4.33511 0.999999
4.33686 0.999999
4.3386 0.999999
4.34035 0.999999
4.34209 0.999999
4.34384 0.999999
4.34558 0.999999
4.34732 0.999999
4.34907 0.999999
4.35081 0.999999
4.35256 0.999999
4.3543 0.999999
4.35605 0.999999
4.35779 0.999999
4.35953 0.999999
4.36128 0.999999
4.36302 0.999999
4.36477 0.999999
4.36651 0.999999
4.36826 0.999999
4.37 0.999999
4.37174 0.999999
4.37349 0.999999
4.37523 0.999999
4.37698 0.999999
4.37872 0.999999
4.38047 0.999999
4.38221 0.999999
4.38395 0.999999
4.3857 0.999999
4.38744 0.999999
4.38919 0.999999
4.39093 0.999999
4.39268 0.999999
4.39442 0.999999
4.39617 0.999999
4.39791 0.999999
4.39965 0.999999
4.4014 0.999999
4.40314 0.999999
4.40489 0.999999
4.40663 0.999999
4.40838 0.999999
4.41012 0.999999
4.41186 0.999999
4.41361 0.999999
4.41535 0.999999
4.4171 0.999999
4.41884 0.999999
4.42059 0.999999
4.42233 0.999999
4.42407 0.999999
4.42582 0.999999
4.42756 0.999999
4.42931 0.999999
4.43105 0.999999
4.4328 0.999999
4.43454 0.999999
4.43628 0.999999
4.43803 0.999999
4.43977 0.999999
4.44152 0.999999
4.44326 0.999999
4.44501 0.999999
4.44675 0.999999
4.44849 0.999999
4.45024 0.999999
4.45198 0.999999
4.45373 0.999999
4.45547 0.999999
4.45722 0.999999
4.45896 0.999999
4.46071 0.999999
4.46245 0.999999
4.46419 0.999999
4.46594 0.999999
4.46768 0.999999
4.46943 0.999999
4.47117 0.999999
4.47292 0.999999
4.47466 0.999999
4.4764 0.999999
4.47815 0.999999
4.47989 0.999999
4.48164 0.999999
4.48338 0.999999
4.48513 0.999999
4.48687 0.999999
4.48861 0.999999
4.49036 0.999999
4.4921 0.999999
4.49385 0.999999
4.49559 0.999999
4.49734 0.999999
4.49908 0.999999
4.50082 0.999999
4.50257 0.999999
4.50431 0.999999
4.50606 0.999999
4.5078 0.999999
4.50955 0.999999
4.51129 0.999999
4.51303 0.999999
4.51478 0.999999
4.51652 0.999999
4.51827 0.999999
4.52001 0.999999
4.52176 0.999999
4.5235 0.999999
4.52524 0.999999
4.52699 0.999999
4.52873 0.999999
4.53048 0.999999
4.53222 0.999999
4.53397 0.999999
4.53571 0.999999
4.53746 0.999999
4.5392 0.999999
4.54094 0.999999
4.54269 0.999999
4.54443 0.999999
4.54618 0.999999
4.54792 0.999999
4.54967 0.999999
4.55141 0.999999
4.55315 0.999999
4.5549 0.999999
4.55664 0.999999
4.55839 0.999999
4.56013 0.999999
4.56188 0.999999
4.56362 0.999999
4.56536 0.999999
4.56711 0.999999
4.56885 0.999999
4.5706 0.999999
4.57234 0.999999
4.57409 0.999999
4.57583 0.999999
4.57757 0.999999
4.57932 0.999999
4.58106 0.999999
4.58281 0.999999
4.58455 0.999999
4.5863 0.999999
4.58804 0.999999
4.58978 0.999999
4.59153 0.999999
4.59327 0.999999
4.59502 0.999999
4.59676 0.999999
4.59851 0.999999
4.60025 0.999999
4.60199 0.999999
4.60374 0.999999
4.60548 0.999999
4.60723 0.999999
4.60897 0.999999
4.61072 0.999999
4.61246 0.999999
4.61421 0.999999
4.61595 0.999999
4.61769 0.999999
4.61944 0.999999
4.62118 0.999999
4.62293 0.999999
4.62467 0.999999
4.62642 0.999999
4.62816 0.999999
4.6299 0.999999
4.63165 0.999999
4.63339 0.999999
4.63514 0.999999
4.63688 0.999999
4.63863 0.999999
4.64037 0.999999
4.64211 0.999999
4.64386 0.999999
4.6456 0.999999
4.64735 0.999999
4.64909 0.999999
4.65084 0.999999
4.65258 0.999999
4.65432 0.999999
4.65607 0.999999
4.65781 0.999999
4.65956 0.999999
4.6613 0.999999
4.66305 0.999999
4.66479 0.999999
4.66653 0.999999
4.66828 0.999999
4.67002 0.999999
4.67177 0.999999
4.67351 0.999999
4.67526 0.999999
4.677 0.999999
4.67875 0.999999
4.68049 0.999999
4.68223 0.999999
4.68398 0.999999
4.68572 0.999999
4.68747 0.999999
4.68921 0.999999
4.69096 0.999999
4.6927 0.999999
4.69444 0.999999
4.69619 0.999999
4.69793 0.999999
4.69968 0.999999
4.70142 0.999999
4.70317 0.999999
4.70491 0.999999
4.70665 0.999999
4.7084 0.999999
4.71014 0.999999
4.71189 0.999999
4.71363 0.999999
4.71538 0.999999
4.71712 0.999999
4.71886 0.999999
4.72061 0.999999
4.72235 0.999999
4.7241 0.999999
4.72584 0.999999
4.72759 0.999999
4.72933 0.999999
4.73107 0.999999
4.73282 0.999999
4.73456 0.999999
4.73631 0.999999
4.73805 0.999999
4.7398 0.999999
4.74154 0.999999
4.74328 0.999999
4.74503 0.999999
4.74677 0.999999
4.74852 0.999999
4.75026 0.999999
4.75201 0.999999
4.75375 0.999999
4.7555 0.999999
4.75724 0.999999
4.75898 0.999999
4.76073 0.999999
4.76247 0.999999
4.76422 0.999999
4.76596 0.999999
4.76771 0.999999
4.76945 0.999999
4.77119 0.999999
4.77294 0.999999
4.77468 0.999999
4.77643 0.999999
4.77817 0.999999
4.77992 0.999999
4.78166 0.999999
4.7834 0.999999
4.78515 0.999999
4.78689 0.999999
4.78864 0.999999
4.79038 0.999999
4.79213 0.999999
4.79387 0.999999
4.79561 0.999999
4.79736 0.999999
4.7991 0.999999
4.80085 0.999999
4.80259 0.999999
4.80434 0.999999
4.80608 0.999999
4.80782 0.999999
4.80957 0.999999
4.81131 0.999999
4.81306 0.999999
4.8148 0.999999
4.81655 0.999999
4.81829 0.999999
4.82003 0.999999
4.82178 0.999999
4.82352 0.999999
4.82527 0.999999
4.82701 0.999999
4.82876 0.999999
4.8305 0.999999
4.83225 0.999999
4.83399 0.999999
4.83573 0.999999
4.83748 0.999999
4.83922 0.999999
4.84097 0.999999
4.84271 0.999999
4.84446 0.999999
4.8462 0.999999
4.84794 0.999999
4.84969 0.999999
4.85143 0.999999
4.85318 0.999999
4.85492 0.999999
4.85667 0.999999
4.85841 0.999999
4.86015 0.999999
4.8619 0.999999
4.86364 0.999999
4.86539 0.999999
4.86713 0.999999
4.86888 0.999999
4.87062 0.999999
4.87236 0.999999
4.87411 0.999999
4.87585 0.999999
4.8776 0.999999
4.87934 0.999999
4.88109 0.999999
4.88283 0.999999
4.88457 0.999999
4.88632 0.999999
4.88806 0.999999
4.88981 0.999999
4.89155 0.999999
4.8933 0.999999
4.89504 0.999999
4.89679 0.999999
4.89853 0.999999
4.90027 0.999999
4.90202 0.999999
4.90376 0.999999
4.90551 0.999999
4.90725 0.999999
4.909 0.999999
4.91074 0.999999
4.91248 0.999999
4.91423 0.999999
4.91597 0.999999
4.91772 0.999999
4.91946 0.999999
4.92121 0.999999
4.92295 0.999999
4.92469 0.999999
4.92644 0.999999
4.92818 0.999999
4.92993 0.999999
4.93167 0.999999
4.93342 0.999999
4.93516 0.999999
4.9369 0.999999
4.93865 0.999999
4.94039 0.999999
4.94214 0.999999
4.94388 0.999999
4.94563 0.999999
4.94737 0.999999
4.94911 0.999999
4.95086 0.999999
4.9526 0.999999
4.95435 0.999999
4.95609 0.999999
4.95784 0.999999
4.95958 0.999999
4.96132 0.999999
4.96307 0.999999
4.96481 0.999999
4.96656 0.999999
4.9683 0.999999
4.97005 0.999999
4.97179 0.999999
4.97354 0.999999
4.97528 0.999999
4.97702 0.999999
4.97877 0.999999
4.98051 0.999999
4.98226 0.999999
4.984 0.999999
4.98575 0.999999
4.98749 0.999999
4.98923 0.999999
4.99098 0.999999
4.99272 0.999999
4.99447 0.999999
4.99621 0.999999
4.99796 0.999999
4.9997 0.999999
5.00144 0.999999
5.00319 0.999999
5.00493 0.999999
5.00668 0.999999
5.00842 0.999999
5.01017 0.999999
5.01191 0.999999
5.01365 0.999999
5.0154 0.999999
5.01714 0.999999
5.01889 0.999999
5.02063 0.999999
5.02238 0.999999
5.02412 0.999999
5.02586 0.999999
5.02761 0.999999
5.02935 0.999999
5.0311 0.999999
5.03284 0.999999
5.03459 0.999999
5.03633 0.999999
5.03807 0.999999
5.03982 0.999999
5.04156 0.999999
5.04331 0.999999
5.04505 0.999999
5.0468 0.999999
5.04854 0.999999
5.05029 0.999999
5.05203 0.999999
5.05377 0.999999
5.05552 0.999999
5.05726 0.999999
5.05901 0.999999
5.06075 0.999999
5.0625 0.999999
5.06424 0.999999
5.06598 0.999999
5.06773 0.999999
5.06947 0.999999
5.07122 0.999999
5.07296 0.999999
5.07471 0.999999
5.07645 0.999999
5.07819 0.999999
5.07994 0.999999
5.08168 0.999999
5.08343 0.999999
5.08517 0.999999
5.08692 0.999999
5.08866 0.999999
5.0904 0.999999
5.09215 0.999999
5.09389 0.999999
5.09564 0.999999
5.09738 0.999999
5.09913 0.999999
5.10087 0.999999
5.10261 0.999999
5.10436 0.999999
5.1061 0.999999
5.10785 0.999999
5.10959 0.999999
5.11134 0.999999
5.11308 0.999999
5.11483 0.999999
5.11657 0.999999
5.11831 0.999999
5.12006 0.999999
5.1218 0.999999
5.12355 0.999999
5.12529 0.999999
5.12704 0.999999
5.12878 0.999999
5.13052 0.999999
5.13227 0.999999
5.13401 0.999999
5.13576 0.999999
5.1375 0.999999
5.13925 0.999999
5.14099 0.999999
5.14273 0.999999
5.14448 0.999999
5.14622 0.999999
5.14797 0.999999
5.14971 0.999999
5.15146 0.999999
5.1532 0.999999
5.15494 0.999999
5.15669 0.999999
5.15843 0.999999
5.16018 0.999999
5.16192 0.999999
5.16367 0.999999
5.16541 0.999999
5.16715 0.999999
5.1689 0.999999
5.17064 0.999999
5.17239 0.999999
5.17413 0.999999
5.17588 0.999999
5.17762 0.999999
5.17936 0.999999
5.18111 0.999999
5.18285 0.999999
5.1846 0.999999
5.18634 0.999999
5.18809 0.999999
5.18983 0.999999
5.19158 0.999999
5.19332 0.999999
5.19506 0.999999
5.19681 0.999999
5.19855 0.999999
5.2003 0.999999
5.20204 0.999999
5.20379 0.999999
5.20553 0.999999
5.20727 0.999999
5.20902 0.999999
5.21076 0.999999
5.21251 0.999999
5.21425 0.999999
5.216 0.999999
5.21774 0.999999
5.21948 0.999999
5.22123 0.999999
5.22297 0.999999
5.22472 0.999999
5.22646 0.999999
5.22821 0.999999
5.22995 0.999999
5.23169 0.999999
5.23344 0.999999
5.23518 0.999999
5.23693 0.999999
5.23867 0.999999
5.24042 0.999999
5.24216 0.999999
5.2439 0.999999
5.24565 0.999999
5.24739 0.999999
5.24914 0.999999
5.25088 0.999999
5.25263 0.999999
5.25437 0.999999
5.25611 0.999999
5.25786 0.999999
5.2596 0.999999
5.26135 0.999999
5.26309 0.999999
5.26484 0.999999
5.26658 0.999999
5.26833 0.999999
5.27007 0.999999
5.27181 0.999999
5.27356 0.999999
5.2753 0.999999
5.27705 0.999999
5.27879 0.999999
5.28054 0.999999
5.28228 0.999999
5.28402 0.999999
5.28577 0.999999
5.28751 0.999999
5.28926 0.999999
5.291 0.999999
5.29275 0.999999
5.29449 0.999999
5.29623 0.999999
5.29798 0.999999
5.29972 0.999999
5.30147 0.999999
5.30321 0.999999
5.30496 0.999999
5.3067 0.999999
5.30844 0.999999
5.31019 0.999999
5.31193 0.999999
5.31368 0.999999
5.31542 0.999999
5.31717 0.999999
5.31891 0.999999
5.32065 0.999999
5.3224 0.999999
5.32414 0.999999
5.32589 0.999999
5.32763 0.999999
5.32938 0.999999
5.33112 0.999999
5.33287 0.999999
5.33461 0.999999
5.33635 0.999999
5.3381 0.999999
5.33984 0.999999
5.34159 0.999999
5.34333 0.999999
5.34508 0.999999
5.34682 0.999999
5.34856 0.999999
5.35031 0.999999
5.35205 0.999999
5.3538 0.999999
5.35554 0.999999
5.35729 0.999999
5.35903 0.999999
5.36077 0.999999
5.36252 0.999999
5.36426 0.999999
5.36601 0.999999
5.36775 0.999999
5.3695 0.999999
5.37124 0.999999
5.37298 0.999999
5.37473 0.999999
5.37647 0.999999
5.37822 0.999999
5.37996 0.999999
5.38171 0.999999
5.38345 0.999999
5.38519 0.999999
5.38694 0.999999
5.38868 0.999999
5.39043 0.999999
5.39217 0.999999
5.39392 0.999999
5.39566 0.999999
5.3974 0.999999
5.39915 0.999999
5.40089 0.999999
5.40264 0.999999
5.40438 0.999999
5.40613 0.999999
5.40787 0.999999
5.40962 0.999999
5.41136 0.999999
5.4131 0.999999
5.41485 0.999999
5.41659 0.999999
5.41834 0.999999
5.42008 0.999999
5.42183 0.999999
5.42357 0.999999
5.42531 0.999999
5.42706 0.999999
5.4288 0.999999
5.43055 0.999999
5.43229 0.999999
5.43404 0.999999
5.43578 0.999999
5.43752 0.999999
5.43927 0.999999
5.44101 0.999999
5.44276 0.999999
5.4445 0.999999
5.44625 0.999999
5.44799 0.999999
5.44973 0.999999
5.45148 0.999999
5.45322 0.999999
5.45497 0.999999
5.45671 0.999999
5.45846 0.999999
5.4602 0.999999
5.46194 0.999999
5.46369 0.999999
5.46543 0.999999
5.46718 0.999999
5.46892 0.999999
5.47067 0.999999
5.47241 0.999999
5.47415 0.999999
5.4759 0.999999
5.47764 0.999999
5.47939 0.999999
5.48113 0.999999
5.48288 0.999999
5.48462 0.999999
5.48637 0.999999
5.48811 0.999999
5.48985 0.999999
5.4916 0.999999
5.49334 0.999999
5.49509 0.999999
5.49683 0.999999
5.49858 0.999999
5.50032 0.999999
5.50206 0.999999
5.50381 0.999999
5.50555 0.999999
5.5073 0.999999
5.50904 0.999999
5.51079 0.999999
5.51253 0.999999
5.51427 0.999999
5.51602 0.999999
5.51776 0.999999
5.51951 0.999999
5.52125 0.999999
5.523 0.999999
5.52474 0.999999
5.52648 0.999999
5.52823 0.999999
5.52997 0.999999
5.53172 0.999999
5.53346 0.999999
5.53521 0.999999
5.53695 0.999999
5.53869 0.999999
5.54044 0.999999
5.54218 0.999999
5.54393 0.999999
5.54567 0.999999
5.54742 0.999999
5.54916 0.999999
5.55091 0.999999
5.55265 0.999999
5.55439 0.999999
5.55614 0.999999
5.55788 0.999999
5.55963 0.999999
5.56137 0.999999
5.56312 0.999999
5.56486 0.999999
5.5666 0.999999
5.56835 0.999999
5.57009 0.999999
5.57184 0.999999
5.57358 0.999999
5.57533 0.999999
5.57707 0.999999
5.57881 0.999999
5.58056 0.999999
5.5823 0.999999
5.58405 0.999999
5.58579 0.999999
5.58754 0.999999
5.58928 0.999999
5.59102 0.999999
5.59277 0.999999
5.59451 0.999999
5.59626 0.999999
5.598 0.999999
5.59975 0.999999
5.60149 0.999999
5.60323 0.999999
5.60498 0.999999
5.60672 0.999999
5.60847 0.999999
5.61021 0.999999
5.61196 0.999999
5.6137 0.999999
5.61544 0.999999
5.61719 0.999999
5.61893 0.999999
5.62068 0.999999
5.62242 0.999999
5.62417 0.999999
5.62591 0.999999
5.62766 0.999999
5.6294 0.999999
5.63114 0.999999
5.63289 0.999999
5.63463 0.999999
5.63638 0.999999
5.63812 0.999999
5.63987 0.999999
5.64161 0.999999
5.64335 0.999999
5.6451 0.999999
5.64684 0.999999
5.64859 0.999999
5.65033 0.999999
5.65208 0.999999
5.65382 0.999999
5.65556 0.999999
5.65731 0.999999
5.65905 0.999999
5.6608 0.999999
5.66254 0.999999
5.66429 0.999999
5.66603 0.999999
5.66777 0.999999
5.66952 0.999999
5.67126 0.999999
5.67301 0.999999
5.67475 0.999999
5.6765 0.999999
5.67824 0.999999
5.67998 0.999999
5.68173 0.999999
5.68347 0.999999
5.68522 0.999999
5.68696 0.999999
5.68871 0.999999
5.69045 0.999999
5.69219 0.999999
5.69394 0.999999
5.69568 0.999999
5.69743 0.999999
5.69917 0.999999
5.70092 0.999999
5.70266 0.999999
5.70441 0.999999
5.70615 0.999999
5.70789 0.999999
5.70964 0.999999
5.71138 0.999999
5.71313 0.999999
5.71487 0.999999
5.71662 0.999999
5.71836 0.999999
5.7201 0.999999
5.72185 0.999999
5.72359 0.999999
5.72534 0.999999
5.72708 0.999999
5.72883 0.999999
5.73057 0.999999
5.73231 0.999999
5.73406 0.999999
5.7358 0.999999
5.73755 0.999999
5.73929 0.999999
5.74104 0.999999
5.74278 0.999999
5.74452 0.999999
5.74627 0.999999
5.74801 0.999999
5.74976 0.999999
5.7515 0.999999
5.75325 0.999999
5.75499 0.999999
5.75673 0.999999
5.75848 0.999999
5.76022 1
5.76197 1
5.76371 1
5.76546 1
5.7672 1
5.76895 1
5.77069 1
5.77243 1
5.77418 1
5.77592 1
5.77767 1
5.77941 1
5.78116 1
5.7829 1
5.78464 1
5.78639 1
5.78813 1
5.78988 1
5.79162 1
5.79337 1
5.79511 1
5.79685 1
5.7986 1
5.80034 1
5.80209 1
5.80383 1
5.80558 1
5.80732 1
5.80906 1
5.81081 1
5.81255 1
5.8143 1
5.81604 1
5.81779 1
5.81953 1
5.82127 1
5.82302 1
5.82476 1
5.82651 1
5.82825 1
5.83 1
5.83174 1
5.83348 1
5.83523 1
5.83697 1
5.83872 1
5.84046 1
5.84221 1
5.84395 1
5.8457 1
5.84744 1
5.84918 1
5.85093 1
5.85267 1
5.85442 1
5.85616 1
5.85791 1
5.85965 1
5.86139 1
5.86314 1
5.86488 1
5.86663 1
5.86837 1
5.87012 1
5.87186 1
5.8736 1
5.87535 1
5.87709 1
5.87884 1
5.88058 1
5.88233 1
5.88407 1
5.88581 1
5.88756 1
5.8893 1
5.89105 1
5.89279 1
5.89454 1
5.89628 1
5.89802 1
5.89977 1
5.90151 1
5.90326 1
5.905 1
5.90675 1
5.90849 1
5.91023 1
5.91198 1
5.91372 1
5.91547 1
5.91721 1
5.91896 1
5.9207 1
5.92245 1
5.92419 1
5.92593 1
5.92768 1
5.92942 1
5.93117 1
5.93291 1
5.93466 1
5.9364 1
5.93814 1
5.93989 1
5.94163 1
5.94338 1
5.94512 1
5.94687 1
5.94861 1
5.95035 1
5.9521 1
5.95384 1
5.95559 1
5.95733 1
5.95908 1
5.96082 1
5.96256 1
5.96431 1
5.96605 1
5.9678 1
5.96954 1
5.97129 1
5.97303 1
5.97477 1
5.97652 1
5.97826 1
5.98001 1
5.98175 1
5.9835 1
5.98524 1
5.98699 1
5.98873 1
5.99047 1
5.99222 1
5.99396 1
5.99571 1
5.99745 1
5.9992 1
6.00094 1
6.00268 1
6.00443 1
6.00617 1
6.00792 1
6.00966 1
6.01141 1
6.01315 1
6.01489 1
6.01664 1
6.01838 1
6.02013 1
6.02187 1
6.02362 1
6.02536 1
6.0271 1
6.02885 1
6.03059 1
6.03234 1
6.03408 1
6.03583 1
6.03757 1
6.03931 1
6.04106 1
6.0428 1
6.04455 1
6.04629 1
6.04804 1
6.04978 1
6.05152 1
6.05327 1
6.05501 1
6.05676 1
6.0585 1
6.06025 1
6.06199 1
6.06374 1
6.06548 1
6.06722 1
6.06897 1
6.07071 1
6.07246 1
6.0742 1
6.07595 1
6.07769 1
6.07943 1
6.08118 1
6.08292 1
6.08467 1
6.08641 1
6.08816 1
6.0899 1
6.09164 1
6.09339 1
6.09513 1
6.09688 1
6.09862 1
6.10037 1
6.10211 1
6.10385 1
6.1056 1
6.10734 1
6.10909 1
6.11083 1
6.11258 1
6.11432 1
6.11606 1
6.11781 1
6.11955 1
6.1213 1
6.12304 1
6.12479 1
6.12653 1
6.12828 1
6.13002 1
6.13176 1
6.13351 1
6.13525 1
6.137 1
6.13874 1
6.14049 1
6.14223 1
6.14397 1
6.14572 1
6.14746 1
6.14921 1
6.15095 1
6.1527 1
6.15444 1
6.15618 1
6.15793 1
6.15967 1
6.16142 1
6.16316 1
6.16491 1
6.16665 1
6.16839 1
6.17014 1
6.17188 1
6.17363 1
6.17537 1
6.17712 1
6.17886 1
6.1806 1
6.18235 1
6.18409 1
6.18584 1
6.18758 1
6.18933 1
6.19107 1
6.19281 1
6.19456 1
6.1963 1
6.19805 1
6.19979 1
6.20154 1
6.20328 1
6.20503 1
6.20677 1
6.20851 1
6.21026 1
6.212 1
6.21375 1
6.21549 1
6.21724 1
6.21898 1
6.22072 1
6.22247 1
6.22421 1
6.22596 1
6.2277 1
6.22945 1
6.23119 1
6.23293 1
6.23468 1
6.23642 1
6.23817 1
6.23991 1
6.24166 1
6.2434 1
6.24514 1
6.24689 1
6.24863 1
6.25038 1
6.25212 1
6.25387 1
6.25561 1
6.25735 1
6.2591 1
6.26084 1
6.26259 1
6.26433 1
6.26608 1
6.26782 1
6.26956 1
6.27131 1
6.27305 1
6.2748 1
6.27654 1
6.27829 1
6.28003 1
6.28178 1
6.28352 1
6.28526 1
6.28701 1
6.28875 1
6.2905 1
6.29224 1
6.29399 1
6.29573 1
6.29747 1
6.29922 1
6.30096 1
6.30271 1
6.30445 1
6.3062 1
6.30794 1
6.30968 1
6.31143 1
6.31317 1
6.31492 1
6.31666 1
6.31841 1
6.32015 1
6.32189 1
6.32364 1
6.32538 1
6.32713 1
6.32887 1
6.33062 1
6.33236 1
6.3341 1
6.33585 1
6.33759 1
6.33934 1
6.34108 1
6.34283 1
6.34457 1
6.34632 1
6.34806 1
6.3498 1
6.35155 1
6.35329 1
6.35504 1
6.35678 1
6.35853 1
6.36027 1
6.36201 1
6.36376 1
6.3655 1
6.36725 1
6.36899 1
6.37074 1
6.37248 1
6.37422 1
6.37597 1
6.37771 1
6.37946 1
6.3812 1
6.38295 1
6.38469 1
6.38643 1
6.38818 1
6.38992 1
6.39167 1
6.39341 1
6.39516 1
6.3969 1
6.39864 1
6.40039 1
6.40213 1
6.40388 1
6.40562 1
6.40737 1
6.40911 1
6.41085 1
6.4126 1
6.41434 1
6.41609 1
6.41783 1
6.41958 1
6.42132 1
6.42307 1
6.42481 1
6.42655 1
6.4283 1
6.43004 1
6.43179 1
6.43353 1
6.43528 1
6.43702 1
6.43876 1
6.44051 1
6.44225 1
6.444 1
6.44574 1
6.44749 1
6.44923 1
6.45097 1
6.45272 1
6.45446 1
6.45621 1
6.45795 1
6.4597 1
6.46144 1
6.46318 1
6.46493 1
6.46667 1
6.46842 1
6.47016 1
6.47191 1
6.47365 1
6.47539 1
6.47714 1
6.47888 1
6.48063 1
6.48237 1
6.48412 1
6.48586 1
6.48761 1
6.48935 1
6.49109 1
6.49284 1
6.49458 1
6.49633 1
6.49807 1
6.49982 1
6.50156 1
6.5033 1
6.50505 1
6.50679 1
6.50854 1
6.51028 1
6.51203 1
6.51377 1
6.51551 1
6.51726 1
6.519 1
6.52075 1
6.52249 1
6.52424 1
6.52598 1
6.52772 1
6.52947 1
6.53121 1
6.53296 1
6.5347 1
6.53645 1
6.53819 1
6.53993 1
6.54168 1
6.54342 1
6.54517 1
6.54691 1
6.54866 1
6.5504 1
6.55214 1
6.55389 1
6.55563 1
6.55738 1
6.55912 1
6.56087 1
6.56261 1
6.56436 1
6.5661 1
6.56784 1
6.56959 1
6.57133 1
6.57308 1
6.57482 1
6.57657 1
6.57831 1
6.58005 1
6.5818 1
6.58354 1
6.58529 1
6.58703 1
6.58878 1
6.59052 1
6.59226 1
6.59401 1
6.59575 1
6.5975 1
6.59924 1
6.60099 1
6.60273 1
6.60447 1
6.60622 1
6.60796 1
6.60971 1
6.61145 1
6.6132 1
6.61494 1
6.61668 1
6.61843 1
6.62017 1
6.62192 1
6.62366 1
6.62541 1
6.62715 1
6.62889 1
6.63064 1
6.63238 1
6.63413 1
6.63587 1
6.63762 1
6.63936 1
6.64111 1
6.64285 1
6.64459 1
6.64634 1
6.64808 1
6.64983 1
6.65157 1
6.65332 1
6.65506 1
6.6568 1
6.65855 1
6.66029 1
6.66204 1
6.66378 1
6.66553 1
6.66727 1
6.66901 1
6.67076 1
6.6725 1
6.67425 1
6.67599 1
6.67774 1
6.67948 1
6.68122 1
6.68297 1
6.68471 1
6.68646 1
6.6882 1
6.68995 1
6.69169 1
6.69343 1
6.69518 1
6.69692 1
6.69867 1
6.70041 1
6.70216 1
6.7039 1
6.70565 1
6.70739 1
6.70913 1
6.71088 1
6.71262 1
6.71437 1
6.71611 1
6.71786 1
6.7196 1
6.72134 1
6.72309 1
6.72483 1
6.72658 1
6.72832 1
6.73007 1
6.73181 1
6.73355 1
6.7353 1
6.73704 1
6.73879 1
6.74053 1
6.74228 1
6.74402 1
6.74576 1
6.74751 1
6.74925 1
6.751 1
6.75274 1
6.75449 1
6.75623 1
6.75797 1
6.75972 1
6.76146 1
6.76321 1
6.76495 1
6.7667 1
6.76844 1
6.77018 1
6.77193 1
6.77367 1
6.77542 1
6.77716 1
6.77891 1
6.78065 1
6.7824 1
6.78414 1
6.78588 1
6.78763 1
6.78937 1
6.79112 1
6.79286 1
6.79461 1
6.79635 1
6.79809 1
6.79984 1
6.80158 1
6.80333 1
6.80507 1
6.80682 1
6.80856 1
6.8103 1
6.81205 1
6.81379 1
6.81554 1
6.81728 1
6.81903 1
6.82077 1
6.82251 1
6.82426 1
6.826 1
6.82775 1
6.82949 1
6.83124 1
6.83298 1
6.83472 1
6.83647 1
6.83821 1
6.83996 1
6.8417 1
6.84345 1
6.84519 1
6.84694 1
6.84868 1
6.85042 1
6.85217 1
6.85391 1
6.85566 1
6.8574 1
6.85915 1
6.86089 1
6.86263 1
6.86438 1
6.86612 1
6.86787 1
6.86961 1
6.87136 1
6.8731 1
6.87484 1
6.87659 1
6.87833 1
6.88008 1
6.88182 1
6.88357 1
6.88531 1
6.88705 1
6.8888 1
6.89054 1
6.89229 1
6.89403 1
6.89578 1
6.89752 1
6.89926 1
6.90101 1
6.90275 1
6.9045 1
6.90624 1
6.90799 1
6.90973 1
6.91147 1
6.91322 1
6.91496 1
6.91671 1
6.91845 1
6.9202 1
6.92194 1
6.92369 1
6.92543 1
6.92717 1
6.92892 1
6.93066 1
6.93241 1
6.93415 1
6.9359 1
6.93764 1
6.93938 1
6.94113 1
6.94287 1
6.94462 1
6.94636 1
6.94811 1
6.94985 1
6.95159 1
6.95334 1
6.95508 1
6.95683 1
6.95857 1
6.96032 1
6.96206 1
6.9638 1
6.96555 1
6.96729 1
6.96904 1
6.97078 1
6.97253 1
6.97427 1
6.97601 1
6.97776 1
6.9795 1
6.98125 1
6.98299 1
6.98474 1
6.98648 1
6.98823 1
6.98997 1
6.99171 1
6.99346 1
6.9952 1
6.99695 1
6.99869 1
7.00044 1
7.00218 1
7.00392 1
7.00567 1
7.00741 1
7.00916 1
7.0109 1
7.01265 1
7.01439 1
7.01613 1
7.01788 1
7.01962 1
7.02137 1
7.02311 1
7.02486 1
7.0266 1
7.02834 1
7.03009 1
7.03183 1
7.03358 1
7.03532 1
7.03707 1
7.03881 1
7.04055 1
7.0423 1
7.04404 1
7.04579 1
7.04753 1
7.04928 1
7.05102 1
7.05276 1
7.05451 1
7.05625 1
7.058 1
7.05974 1
7.06149 1
7.06323 1
7.06498 1
7.06672 1
7.06846 1
7.07021 1
7.07195 1
7.0737 1
7.07544 1
7.07719 1
7.07893 1
7.08067 1
7.08242 1
7.08416 1
7.08591 1
7.08765 1
7.0894 1
7.09114 1
7.09288 1
7.09463 1
7.09637 1
7.09812 1
7.09986 1
7.10161 1
7.10335 1
7.10509 1
7.10684 1
7.10858 1
7.11033 1
7.11207 1
7.11382 1
7.11556 1
7.1173 1
7.11905 1
7.12079 1
7.12254 1
7.12428 1
7.12603 1
7.12777 1
7.12952 1
7.13126 1
7.133 1
7.13475 1
7.13649 1
7.13824 1
7.13998 1
7.14173 1
7.14347 1
7.14521 1
7.14696 1
7.1487 1
7.15045 1
7.15219 1
7.15394 1
7.15568 1
7.15742 1
7.15917 1
7.16091 1
7.16266 1
7.1644 1
7.16615 1
7.16789 1
7.16963 1
7.17138 1
7.17312 1
7.17487 1
7.17661 1
7.17836 1
7.1801 1
7.18184 1
7.18359 1
7.18533 1
7.18708 1
7.18882 1
7.19057 1
7.19231 1
7.19405 1
7.1958 1
7.19754 1
7.19929 1
7.20103 1
7.20278 1
7.20452 1
7.20627 1
7.20801 1
7.20975 1
7.2115 1
7.21324 1
7.21499 1
7.21673 1
7.21848 1
7.22022 1
7.22196 1
7.22371 1
7.22545 1
7.2272 1
7.22894 1
7.23069 1
7.23243 1
7.23417 1
7.23592 1
7.23766 1
7.23941 1
7.24115 1
7.2429 1
7.24464 1
7.24638 1
7.24813 1
7.24987 1
7.25162 1
7.25336 1
7.25511 1
7.25685 1
7.25859 1
7.26034 1
7.26208 1
7.26383 1
7.26557 1
7.26732 1
7.26906 1
7.27081 1
7.27255 1
7.27429 1
7.27604 1
7.27778 1
7.27953 1
7.28127 1
7.28302 1
7.28476 1
7.2865 1
7.28825 1
7.28999 1
7.29174 1
7.29348 1
7.29523 1
7.29697 1
7.29871 1
7.30046 1
7.3022 1
7.30395 1
7.30569 1
7.30744 1
7.30918 1
7.31092 1
7.31267 1
7.31441 1
7.31616 1
7.3179 1
7.31965 1
7.32139 1
7.32313 1
7.32488 1
7.32662 1
7.32837 1
7.33011 1
7.33186 1
7.3336 1
7.33534 1
7.33709 1
7.33883 1
7.34058 1
7.34232 1
7.34407 1
7.34581 1
7.34756 1
7.3493 1
7.35104 1
7.35279 1
7.35453 1
7.35628 1
7.35802 1
7.35977 1
7.36151 1
7.36325 1
7.365 1
7.36674 1
7.36849 1
7.37023 1
7.37198 1
7.37372 1
7.37546 1
7.37721 1
7.37895 1
7.3807 1
7.38244 1
7.38419 1
7.38593 1
7.38767 1
7.38942 1
7.39116 1
7.39291 1
7.39465 1
7.3964 1
7.39814 1
7.39988 1
7.40163 1
7.40337 1
7.40512 1
7.40686 1
7.40861 1
7.41035 1
7.4121 1
7.41384 1
7.41558 1
7.41733 1
7.41907 1
7.42082 1
7.42256 1
7.42431 1
7.42605 1
7.42779 1
7.42954 1
7.43128 1
7.43303 1
7.43477 1
7.43652 1
7.43826 1
7.44 1
7.44175 1
7.44349 1
7.44524 1
7.44698 1
7.44873 1
7.45047 1
7.45221 1
7.45396 1
7.4557 1
7.45745 1
7.45919 1
7.46094 1
7.46268 1
7.46442 1
7.46617 1
7.46791 1
7.46966 1
7.4714 1
7.47315 1
7.47489 1
7.47663 1
7.47838 1
7.48012 1
7.48187 1
7.48361 1
7.48536 1
7.4871 1
7.48885 1
7.49059 1
7.49233 1
7.49408 1
7.49582 1
7.49757 1
7.49931 1
7.50106 1
7.5028 1
7.50454 1
7.50629 1
7.50803 1
7.50978 1
7.51152 1
7.51327 1
7.51501 1
7.51675 1
7.5185 1
7.52024 1
7.52199 1
7.52373 1
7.52548 1
7.52722 1
7.52896 1
7.53071 1
7.53245 1
7.5342 1
7.53594 1
7.53769 1
7.53943 1
7.54117 1
7.54292 1
7.54466 1
7.54641 1
7.54815 1
7.5499 1
7.55164 1
7.55339 1
7.55513 1
7.55687 1
7.55862 1
7.56036 1
7.56211 1
7.56385 1
7.5656 1
7.56734 1
7.56908 1
7.57083 1
7.57257 1
7.57432 1
7.57606 1
7.57781 1
7.57955 1
7.58129 1
7.58304 1
7.58478 1
7.58653 1
7.58827 1
7.59002 1
7.59176 1
7.5935 1
7.59525 1
7.59699 1
7.59874 1
7.60048 1
7.60223 1
7.60397 1
7.60571 1
7.60746 1
7.6092 1
7.61095 1
7.61269 1
7.61444 1
7.61618 1
7.61792 1
7.61967 1
7.62141 1
7.62316 1
7.6249 1
7.62665 1
7.62839 1
7.63014 1
7.63188 1
7.63362 1
7.63537 1
7.63711 1
7.63886 1
7.6406 1
7.64235 1
7.64409 1
7.64583 1
7.64758 1
7.64932 1
7.65107 1
7.65281 1
7.65456 1
7.6563 1
7.65804 1
7.65979 1
7.66153 1
7.66328 1
7.66502 1
7.66677 1
7.66851 1
7.67025 1
7.672 1
7.67374 1
7.67549 1
7.67723 1
7.67898 1
7.68072 1
7.68246 1
7.68421 1
7.68595 1
7.6877 1
7.68944 1
7.69119 1
7.69293 1
7.69468 1
7.69642 1
7.69816 1
7.69991 1
7.70165 1
7.7034 1
7.70514 1
7.70689 1
7.70863 1
7.71037 1
7.71212 1
7.71386 1
7.71561 1
7.71735 1
7.7191 1
7.72084 1
7.72258 1
7.72433 1
7.72607 1
7.72782 1
7.72956 1
7.73131 1
7.73305 1
7.73479 1
7.73654 1
7.73828 1
7.74003 1
7.74177 1
7.74352 1
7.74526 1
7.747 1
7.74875 1
7.75049 1
7.75224 1
7.75398 1
7.75573 1
7.75747 1
7.75921 1
7.76096 1
7.7627 1
7.76445 1
7.76619 1
7.76794 1
7.76968 1
7.77143 1
7.77317 1
7.77491 1
7.77666 1
7.7784 1
7.78015 1
7.78189 1
7.78364 1
7.78538 1
7.78712 1
7.78887 1
7.79061 1
7.79236 1
7.7941 1
7.79585 1
7.79759 1
7.79933 1
7.80108 1
7.80282 1
7.80457 1
7.80631 1
7.80806 1
7.8098 1
7.81154 1
7.81329 1
7.81503 1
7.81678 1
7.81852 1
7.82027 1
7.82201 1
7.82375 1
7.8255 1
7.82724 1
7.82899 1
7.83073 1
7.83248 1
7.83422 1
7.83597 1
7.83771 1
7.83945 1
7.8412 1
7.84294 1
7.84469 1
7.84643 1
7.84818 1
7.84992 1
7.85166 1
7.85341 1
7.85515 1
7.8569 1
7.85864 1
7.86039 1
7.86213 1
7.86387 1
7.86562 1
7.86736 1
7.86911 1
7.87085 1
7.8726 1
7.87434 1
7.87608 1
7.87783 1
7.87957 1
7.88132 1
7.88306 1
7.88481 1
7.88655 1
7.88829 1
7.89004 1
7.89178 1
7.89353 1
7.89527 1
7.89702 1
7.89876 1
7.9005 1
7.90225 1
7.90399 1
7.90574 1
7.90748 1
7.90923 1
7.91097 1
7.91272 1
7.91446 1
7.9162 1
7.91795 1
7.91969 1
7.92144 1
7.92318 1
7.92493 1
7.92667 1
7.92841 1
7.93016 1
7.9319 1
7.93365 1
7.93539 1
7.93714 1
7.93888 1
7.94062 1
7.94237 1
7.94411 1
7.94586 1
7.9476 1
7.94935 1
7.95109 1
7.95283 1
7.95458 1
7.95632 1
7.95807 1
7.95981 1
7.96156 1
7.9633 1
7.96504 1
7.96679 1
7.96853 1
7.97028 1
7.97202 1
7.97377 1
7.97551 1
7.97726 1
7.979 1
7.98074 1
7.98249 1
7.98423 1
7.98598 1
7.98772 1
7.98947 1
7.99121 1
7.99295 1
7.9947 1
7.99644 1
7.99819 1
7.99993 1
8.00168 1
8.00342 1
8.00516 1
8.00691 1
8.00865 1
8.0104 1
8.01214 1
8.01389 1
8.01563 1
8.01737 1
8.01912 1
8.02086 1
8.02261 1
8.02435 1
8.0261 1
8.02784 1
8.02958 1
8.03133 1
8.03307 1
8.03482 1
8.03656 1
8.03831 1
8.04005 1
8.04179 1
8.04354 1
8.04528 1
8.04703 1
8.04877 1
8.05052 1
8.05226 1
8.05401 1
8.05575 1
8.05749 1
8.05924 1
8.06098 1
8.06273 1
8.06447 1
8.06622 1
8.06796 1
8.0697 1
8.07145 1
8.07319 1
8.07494 1
8.07668 1
8.07843 1
8.08017 1
8.08191 1
8.08366 1
8.0854 1
8.08715 1
8.08889 1
8.09064 1
8.09238 1
8.09412 1
8.09587 1
8.09761 1
8.09936 1
8.1011 1
8.10285 1
8.10459 1
8.10633 1
8.10808 1
8.10982 1
8.11157 1
8.11331 1
8.11506 1
8.1168 1
8.11855 1
8.12029 1
8.12203 1
8.12378 1
8.12552 1
8.12727 1
8.12901 1
8.13076 1
8.1325 1
8.13424 1
8.13599 1
8.13773 1
8.13948 1
8.14122 1
8.14297 1
8.14471 1
8.14645 1
8.1482 1
8.14994 1
8.15169 1
8.15343 1
8.15518 1
8.15692 1
8.15866 1
8.16041 1
8.16215 1
8.1639 1
8.16564 1
8.16739 1
8.16913 1
8.17087 1
8.17262 1
8.17436 1
8.17611 1
8.17785 1
8.1796 1
8.18134 1
8.18308 1
8.18483 1
8.18657 1
8.18832 1
8.19006 1
8.19181 1
8.19355 1
8.1953 1
8.19704 1
8.19878 1
8.20053 1
8.20227 1
8.20402 1
8.20576 1
8.20751 1
8.20925 1
8.21099 1
8.21274 1
8.21448 1
8.21623 1
8.21797 1
8.21972 1
8.22146 1
8.2232 1
8.22495 1
8.22669 1
8.22844 1
8.23018 1
8.23193 1
8.23367 1
8.23541 1
8.23716 1
8.2389 1
8.24065 1
8.24239 1
8.24414 1
8.24588 1
8.24762 1
8.24937 1
8.25111 1
8.25286 1
8.2546 1
8.25635 1
8.25809 1
8.25984 1
8.26158 1
8.26332 1
8.26507 1
8.26681 1
8.26856 1
8.2703 1
8.27205 1
8.27379 1
8.27553 1
8.27728 1
8.27902 1
8.28077 1
8.28251 1
8.28426 1
8.286 1
8.28774 1
8.28949 1
8.29123 1
8.29298 1
8.29472 1
8.29647 1
8.29821 1
8.29995 1
8.3017 1
8.30344 1
8.30519 1
8.30693 1
8.30868 1
8.31042 1
8.31216 1
8.31391 1
8.31565 1
8.3174 1
8.31914 1
8.32089 1
8.32263 1
8.32437 1
8.32612 1
8.32786 1
8.32961 1
8.33135 1
8.3331 1
8.33484 1
8.33659 1
8.33833 1
8.34007 1
8.34182 1
8.34356 1
8.34531 1
8.34705 1
8.3488 1
8.35054 1
8.35228 1
8.35403 1
8.35577 1
8.35752 1
8.35926 1
8.36101 1
8.36275 1
8.36449 1
8.36624 1
8.36798 1
8.36973 1
8.37147 1
8.37322 1
8.37496 1
8.3767 1
8.37845 1
8.38019 1
8.38194 1
8.38368 1
8.38543 1
8.38717 1
8.38891 1
8.39066 1
8.3924 1
8.39415 1
8.39589 1
8.39764 1
8.39938 1
8.40113 1
8.40287 1
8.40461 1
8.40636 1
8.4081 1
8.40985 1
8.41159 1
8.41334 1
8.41508 1
8.41682 1
8.41857 1
8.42031 1
8.42206 1
8.4238 1
8.42555 1
8.42729 1
8.42903 1
8.43078 1
8.43252 1
8.43427 1
8.43601 1
8.43776 1
8.4395 1
8.44124 1
8.44299 1
8.44473 1
8.44648 1
8.44822 1
8.44997 1
8.45171 1
8.45345 1
8.4552 1
8.45694 1
8.45869 1
8.46043 1
8.46218 1
8.46392 1
8.46566 1
8.46741 1
8.46915 1
8.4709 1
8.47264 1
8.47439 1
8.47613 1
8.47788 1
8.47962 1
8.48136 1
8.48311 1
8.48485 1
8.4866 1
8.48834 1
8.49009 1
8.49183 1
8.49357 1
8.49532 1
8.49706 1
8.49881 1
8.50055 1
8.5023 1
8.50404 1
8.50578 1
8.50753 1
8.50927 1
8.51102 1
8.51276 1
8.51451 1
8.51625 1
8.51799 1
8.51974 1
8.52148 1
8.52323 1
8.52497 1
8.52672 1
8.52846 1
8.5302 1
8.53195 1
8.53369 1
8.53544 1
8.53718 1
8.53893 1
8.54067 1
8.54242 1
8.54416 1
8.5459 1
8.54765 1
8.54939 1
8.55114 1
8.55288 1
8.55463 1
8.55637 1
8.55811 1
8.55986 1
8.5616 1
8.56335 1
8.56509 1
8.56684 1
8.56858 1
8.57032 1
8.57207 1
8.57381 1
8.57556 1
8.5773 1
8.57905 1
8.58079 1
8.58253 1
8.58428 1
8.58602 1
8.58777 1
8.58951 1
8.59126 1
8.593 1
8.59474 1
8.59649 1
8.59823 1
8.59998 1
8.60172 1
8.60347 1
8.60521 1
8.60695 1
8.6087 1
8.61044 1
8.61219 1
8.61393 1
8.61568 1
8.61742 1
8.61917 1
8.62091 1
8.62265 1
8.6244 1
8.62614 1
8.62789 1
8.62963 1
8.63138 1
8.63312 1
8.63486 1
8.63661 1
8.63835 1
8.6401 1
8.64184 1
8.64359 1
8.64533 1
8.64707 1
8.64882 1
8.65056 1
8.65231 1
8.65405 1
8.6558 1
8.65754 1
8.65928 1
8.66103 1
8.66277 1
8.66452 1
8.66626 1
8.66801 1
8.66975 1
8.67149 1
8.67324 1
8.67498 1
8.67673 1
8.67847 1
8.68022 1
8.68196 1
8.68371 1
8.68545 1
8.68719 1
8.68894 1
8.69068 1
8.69243 1
8.69417 1
8.69592 1
8.69766 1
8.6994 1
8.70115 1
8.70289 1
8.70464 1
8.70638 1
8.70813 1
8.70987 1
8.71161 1
8.71336 1
8.7151 1
8.71685 1
8.71859 1
8.72034 1
8.72208 1
8.72382 1
8.72557 1
8.72731 1
8.72906 1
8.7308 1
8.73255 1
8.73429 1
8.73603 1
8.73778 1
8.73952 1
8.74127 1
8.74301 1
8.74476 1
8.7465 1
8.74824 1
8.74999 1
8.75173 1
8.75348 1
8.75522 1
8.75697 1
8.75871 1
8.76046 1
8.7622 1
8.76394 1
8.76569 1
8.76743 1
8.76918 1
8.77092 1
8.77267 1
8.77441 1
8.77615 1
8.7779 1
8.77964 1
8.78139 1
8.78313 1
8.78488 1
8.78662 1
8.78836 1
8.79011 1
8.79185 1
8.7936 1
8.79534 1
8.79709 1
8.79883 1
8.80057 1
8.80232 1
8.80406 1
8.80581 1
8.80755 1
8.8093 1
8.81104 1
8.81278 1
8.81453 1
8.81627 1
8.81802 1
8.81976 1
8.82151 1
8.82325 1
8.825 1
8.82674 1
8.82848 1
8.83023 1
8.83197 1
8.83372 1
8.83546 1
8.83721 1
8.83895 1
8.84069 1
8.84244 1
8.84418 1
8.84593 1
8.84767 1
8.84942 1
8.85116 1
8.8529 1
8.85465 1
8.85639 1
8.85814 1
8.85988 1
8.86163 1
8.86337 1
8.86511 1
8.86686 1
8.8686 1
8.87035 1
8.87209 1
8.87384 1
8.87558 1
8.87732 1
8.87907 1
8.88081 1
8.88256 1
8.8843 1
8.88605 1
8.88779 1
8.88953 1
8.89128 1
8.89302 1
8.89477 1
8.89651 1
8.89826 1
8.9 1
8.90175 1
8.90349 1
8.90523 1
8.90698 1
8.90872 1
8.91047 1
8.91221 1
8.91396 1
8.9157 1
8.91744 1
8.91919 1
8.92093 1
8.92268 1
8.92442 1
8.92617 1
8.92791 1
8.92965 1
8.9314 1
8.93314 1
8.93489 1
8.93663 1
8.93838 1
8.94012 1
8.94186 1
8.94361 1
8.94535 1
8.9471 1
8.94884 1
8.95059 1
8.95233 1
8.95407 1
8.95582 1
8.95756 1
8.95931 1
8.96105 1
8.9628 1
8.96454 1
8.96629 1
8.96803 1
8.96977 1
8.97152 1
8.97326 1
8.97501 1
8.97675 1
8.9785 1
8.98024 1
8.98198 1
8.98373 1
8.98547 1
8.98722 1
8.98896 1
8.99071 1
8.99245 1
8.99419 1
8.99594 1
8.99768 1
8.99943 1
9.00117 1
9.00292 1
9.00466 1
9.0064 1
9.00815 1
9.00989 1
9.01164 1
9.01338 1
9.01513 1
9.01687 1
9.01861 1
9.02036 1
9.0221 1
9.02385 1
9.02559 1
9.02734 1
9.02908 1
9.03082 1
9.03257 1
9.03431 1
9.03606 1
9.0378 1
9.03955 1
9.04129 1
9.04304 1
9.04478 1
9.04652 1
9.04827 1
9.05001 1
9.05176 1
9.0535 1
9.05525 1
9.05699 1
9.05873 1
9.06048 1
9.06222 1
9.06397 1
9.06571 1
9.06746 1
9.0692 1
9.07094 1
9.07269 1
9.07443 1
9.07618 1
9.07792 1
9.07967 1
9.08141 1
9.08315 1
9.0849 1
9.08664 1
9.08839 1
9.09013 1
9.09188 1
9.09362 1
9.09536 1
9.09711 1
9.09885 1
9.1006 1
9.10234 1
9.10409 1
9.10583 1
9.10757 1
9.10932 1
9.11106 1
9.11281 1
9.11455 1
9.1163 1
9.11804 1
9.11979 1
9.12153 1
9.12327 1
9.12502 1
9.12676 1
9.12851 1
9.13025 1
9.132 1
9.13374 1
9.13548 1
9.13723 1
9.13897 1
9.14072 1
9.14246 1
9.14421 1
9.14595 1
9.14769 1
9.14944 1
9.15118 1
9.15293 1
9.15467 1
9.15642 1
9.15816 1
9.1599 1
9.16165 1
9.16339 1
9.16514 1
9.16688 1
9.16863 1
9.17037 1
9.17211 1
9.17386 1
9.1756 1
9.17735 1
9.17909 1
9.18084 1
9.18258 1
9.18433 1
9.18607 1
9.18781 1
9.18956 1
9.1913 1
9.19305 1
9.19479 1
9.19654 1
9.19828 1
9.20002 1
9.20177 1
9.20351 1
9.20526 1
9.207 1
9.20875 1
9.21049 1
9.21223 1
9.21398 1
9.21572 1
9.21747 1
9.21921 1
9.22096 1
9.2227 1
9.22444 1
9.22619 1
9.22793 1
9.22968 1
9.23142 1
9.23317 1
9.23491 1
9.23665 1
9.2384 1
9.24014 1
9.24189 1
9.24363 1
9.24538 1
9.24712 1
9.24886 1
9.25061 1
9.25235 1
9.2541 1
9.25584 1
9.25759 1
9.25933 1
9.26108 1
9.26282 1
9.26456 1
9.26631 1
9.26805 1
9.2698 1
9.27154 1
9.27329 1
9.27503 1
9.27677 1
9.27852 1
9.28026 1
9.28201 1
9.28375 1
9.2855 1
9.28724 1
9.28898 1
9.29073 1
9.29247 1
9.29422 1
9.29596 1
9.29771 1
9.29945 1
9.30119 1
9.30294 1
9.30468 1
9.30643 1
9.30817 1
9.30992 1
9.31166 1
9.3134 1
9.31515 1
9.31689 1
9.31864 1
9.32038 1
9.32213 1
9.32387 1
9.32562 1
9.32736 1
9.3291 1
9.33085 1
9.33259 1
9.33434 1
9.33608 1
9.33783 1
9.33957 1
9.34131 1
9.34306 1
9.3448 1
9.34655 1
9.34829 1
9.35004 1
9.35178 1
9.35352 1
9.35527 1
9.35701 1
9.35876 1
9.3605 1
9.36225 1
9.36399 1
9.36573 1
9.36748 1
9.36922 1
9.37097 1
9.37271 1
9.37446 1
9.3762 1
9.37794 1
9.37969 1
9.38143 1
9.38318 1
9.38492 1
9.38667 1
9.38841 1
9.39015 1
9.3919 1
9.39364 1
9.39539 1
9.39713 1
9.39888 1
9.40062 1
9.40237 1
9.40411 1
9.40585 1
9.4076 1
9.40934 1
9.41109 1
9.41283 1
9.41458 1
9.41632 1
9.41806 1
9.41981 1
9.42155 1
9.4233 1
9.42504 1
9.42679 1
9.42853 1
9.43027 1
9.43202 1
9.43376 1
9.43551 1
9.43725 1
9.439 1
9.44074 1
9.44248 1
9.44423 1
9.44597 1
9.44772 1
9.44946 1
9.45121 1
9.45295 1
9.45469 1
9.45644 1
9.45818 1
9.45993 1
9.46167 1
9.46342 1
9.46516 1
9.46691 1
9.46865 1
9.47039 1
9.47214 1
9.47388 1
9.47563 1
9.47737 1
9.47912 1
9.48086 1
9.4826 1
9.48435 1
9.48609 1
9.48784 1
9.48958 1
9.49133 1
9.49307 1
9.49481 1
9.49656 1
9.4983 1
9.50005 1
9.50179 1
9.50354 1
9.50528 1
9.50702 1
9.50877 1
9.51051 1
9.51226 1
9.514 1
9.51575 1
9.51749 1
9.51923 1
9.52098 1
9.52272 1
9.52447 1
9.52621 1
9.52796 1
9.5297 1
9.53144 1
9.53319 1
9.53493 1
9.53668 1
9.53842 1
9.54017 1
9.54191 1
9.54366 1
9.5454 1
9.54714 1
9.54889 1
9.55063 1
9.55238 1
9.55412 1
9.55587 1
9.55761 1
9.55935 1
9.5611 1
9.56284 1
9.56459 1
9.56633 1
9.56808 1
9.56982 1
9.57156 1
9.57331 1
9.57505 1
9.5768 1
9.57854 1
9.58029 1
9.58203 1
9.58377 1
9.58552 1
9.58726 1
9.58901 1
9.59075 1
9.5925 1
9.59424 1
9.59598 1
9.59773 1
9.59947 1
9.60122 1
9.60296 1
9.60471 1
9.60645 1
9.60819 1
9.60994 1
9.61168 1
9.61343 1
9.61517 1
9.61692 1
9.61866 1
9.62041 1
9.62215 1
9.62389 1
9.62564 1
9.62738 1
9.62913 1
9.63087 1
9.63262 1
9.63436 1
9.6361 1
9.63785 1
9.63959 1
9.64134 1
9.64308 1
9.64483 1
9.64657 1
9.64831 1
9.65006 1
9.6518 1
9.65355 1
9.65529 1
9.65704 1
9.65878 1
9.66052 1
9.66227 1
9.66401 1
9.66576 1
9.6675 1
9.66925 1
9.67099 1
9.67273 1
9.67448 1
9.67622 1
9.67797 1
9.67971 1
9.68146 1
9.6832 1
9.68495 1
9.68669 1
9.68843 1
9.69018 1
9.69192 1
9.69367 1
9.69541 1
9.69716 1
9.6989 1
9.70064 1
9.70239 1
9.70413 1
9.70588 1
9.70762 1
9.70937 1
9.71111 1
9.71285 1
9.7146 1
9.71634 1
9.71809 1
9.71983 1
9.72158 1
9.72332 1
9.72506 1
9.72681 1
9.72855 1
9.7303 1
9.73204 1
9.73379 1
9.73553 1
9.73727 1
9.73902 1
9.74076 1
9.74251 1
9.74425 1
9.746 1
9.74774 1
9.74948 1
9.75123 1
9.75297 1
9.75472 1
9.75646 1
9.75821 1
9.75995 1
9.7617 1
9.76344 1
9.76518 1
9.76693 1
9.76867 1
9.77042 1
9.77216 1
9.77391 1
9.77565 1
9.77739 1
9.77914 1
9.78088 1
9.78263 1
9.78437 1
9.78612 1
9.78786 1
9.7896 1
9.79135 1
9.79309 1
9.79484 1
9.79658 1
9.79833 1
9.80007 1
9.80181 1
9.80356 1
9.8053 1
9.80705 1
9.80879 1
9.81054 1
9.81228 1
9.81402 1
9.81577 1
9.81751 1
9.81926 1
9.821 1
9.82275 1
9.82449 1
9.82624 1
9.82798 1
9.82972 1
9.83147 1
9.83321 1
9.83496 1
9.8367 1
9.83845 1
9.84019 1
9.84193 1
9.84368 1
9.84542 1
9.84717 1
9.84891 1
9.85066 1
9.8524 1
9.85414 1
9.85589 1
9.85763 1
9.85938 1
9.86112 1
9.86287 1
9.86461 1
9.86635 1
9.8681 1
9.86984 1
9.87159 1
9.87333 1
9.87508 1
9.87682 1
9.87856 1
9.88031 1
9.88205 1
9.8838 1
9.88554 1
9.88729 1
9.88903 1
9.89077 1
9.89252 1
9.89426 1
9.89601 1
9.89775 1
9.8995 1
9.90124 1
9.90299 1
9.90473 1
9.90647 1
9.90822 1
9.90996 1
9.91171 1
9.91345 1
9.9152 1
9.91694 1
9.91868 1
9.92043 1
9.92217 1
9.92392 1
9.92566 1
9.92741 1
9.92915 1
9.93089 1
9.93264 1
9.93438 1
9.93613 1
9.93787 1
9.93962 1
9.94136 1
9.9431 1
9.94485 1
9.94659 1
9.94834 1
9.95008 0.999999
9.95183 0.999999
9.95357 0.999999
9.95531 0.999999
9.95706 0.999999
9.9588 0.999999
9.96055 0.999999
9.96229 0.999999
9.96404 0.999999
9.96578 0.999999
9.96752 0.999999
9.96927 0.999999
9.97101 0.999999
9.97276 0.999999
9.9745 0.999999
9.97625 0.999999
9.97799 0.999999
9.97974 0.999999
9.98148 0.999999
9.98322 0.999999
9.98497 0.999999
9.98671 0.999999
9.98846 0.999999
9.9902 0.999999
9.99195 0.999999
9.99369 0.999999
9.99543 0.999999
9.99718 0.999999
9.99892 0.999999
10.0007 0.999999
10.0024 0.999999
10.0042 0.999999
10.0059 0.999999
10.0076 0.999999
10.0094 0.999999
10.0111 0.999999
10.0129 0.999999
10.0146 0.999999
10.0164 0.999999
10.0181 0.999999
10.0199 0.999999
10.0216 0.999999
10.0233 0.999999
10.0251 0.999999
10.0268 0.999999
10.0286 0.999999
10.0303 0.999999
10.0321 0.999999
10.0338 0.999999
10.0356 0.999999
10.0373 0.999999
10.039 0.999999
10.0408 0.999999
10.0425 0.999999
10.0443 0.999999
10.046 0.999999
10.0478 0.999999
10.0495 0.999999
10.0513 0.999999
10.053 0.999999
10.0547 0.999999
10.0565 0.999999
10.0582 0.999999
10.06 0.999999
10.0617 0.999999
10.0635 0.999999
10.0652 0.999999
10.067 0.999999
10.0687 0.999999
10.0704 0.999999
10.0722 0.999999
10.0739 0.999999
10.0757 0.999999
10.0774 0.999999
10.0792 0.999999
10.0809 0.999999
10.0827 0.999999
10.0844 0.999999
10.0861 0.999999
10.0879 0.999999
10.0896 0.999999
10.0914 0.999999
10.0931 0.999999
10.0949 0.999999
10.0966 0.999999
10.0983 0.999999
10.1001 0.999999
10.1018 0.999999
10.1036 0.999999
10.1053 0.999999
10.1071 0.999999
10.1088 0.999999
10.1106 0.999999
10.1123 0.999999
10.114 0.999999
10.1158 0.999999
10.1175 0.999999
10.1193 0.999999
10.121 0.999999
10.1228 0.999999
10.1245 0.999999
10.1263 0.999999
10.128 0.999999
10.1297 0.999999
10.1315 0.999999
10.1332 0.999999
10.135 0.999999
10.1367 0.999999
10.1385 0.999999
10.1402 0.999999
10.142 0.999999
10.1437 0.999999
10.1454 0.999999
10.1472 0.999999
10.1489 0.999999
10.1507 0.999999
10.1524 0.999999
10.1542 0.999999
10.1559 0.999999
10.1577 0.999999
10.1594 0.999999
10.1611 0.999999
10.1629 0.999999
10.1646 0.999999
10.1664 0.999999
10.1681 0.999999
10.1699 0.999999
10.1716 0.999999
10.1734 0.999999
10.1751 0.999999
10.1768 0.999999
10.1786 0.999999
10.1803 0.999999
10.1821 0.999999
10.1838 0.999999
10.1856 0.999999
10.1873 0.999999
10.1891 0.999999
10.1908 0.999999
10.1925 0.999999
10.1943 0.999999
10.196 0.999999
10.1978 0.999999
10.1995 0.999999
10.2013 0.999999
10.203 0.999999
10.2048 0.999999
10.2065 0.999999
10.2082 0.999999
10.21 0.999999
10.2117 0.999999
10.2135 0.999999
10.2152 0.999999
10.217 0.999999
10.2187 0.999999
10.2205 0.999999
10.2222 0.999999
10.2239 0.999999
10.2257 0.999999
10.2274 0.999999
10.2292 0.999999
10.2309 0.999999
10.2327 0.999999
10.2344 0.999999
10.2362 0.999999
10.2379 0.999999
10.2396 0.999999
10.2414 0.999999
10.2431 0.999999
10.2449 0.999999
10.2466 0.999999
10.2484 0.999999
10.2501 0.999999
10.2518 0.999999
10.2536 0.999999
10.2553 0.999999
10.2571 0.999999
10.2588 0.999999
10.2606 0.999999
10.2623 0.999999
10.2641 0.999999
10.2658 0.999999
10.2675 0.999999
10.2693 0.999999
10.271 0.999999
10.2728 0.999999
10.2745 0.999999
10.2763 0.999999
10.278 0.999999
10.2798 0.999999
10.2815 0.999999
10.2832 0.999999
10.285 0.999999
10.2867 0.999999
10.2885 0.999999
10.2902 0.999999
10.292 0.999999
10.2937 0.999999
10.2955 0.999999
10.2972 0.999999
10.2989 0.999999
10.3007 0.999999
10.3024 0.999999
10.3042 0.999999
10.3059 0.999999
10.3077 0.999999
10.3094 0.999999
10.3112 0.999999
10.3129 0.999999
10.3146 0.999999
10.3164 0.999999
10.3181 0.999999
10.3199 0.999999
10.3216 0.999999
10.3234 0.999999
10.3251 0.999999
10.3269 0.999999
10.3286 0.999999
10.3303 0.999999
10.3321 0.999999
10.3338 0.999999
10.3356 0.999999
10.3373 0.999999
10.3391 0.999999
10.3408 0.999999
10.3426 0.999999
10.3443 0.999999
10.346 0.999999
10.3478 0.999999
10.3495 0.999999
10.3513 0.999999
10.353 0.999999
10.3548 0.999999
10.3565 0.999999
10.3583 0.999999
10.36 0.999999
10.3617 0.999999
10.3635 0.999999
10.3652 0.999999
10.367 0.999999
10.3687 0.999999
10.3705 0.999999
10.3722 0.999999
10.374 0.999999
10.3757 0.999999
10.3774 0.999999
10.3792 0.999999
10.3809 0.999999
10.3827 0.999999
10.3844 0.999999
10.3862 0.999999
10.3879 0.999999
10.3897 0.999999
10.3914 0.999999
10.3931 0.999999
10.3949 0.999999
10.3966 0.999999
10.3984 0.999999
10.4001 0.999999
10.4019 0.999999
10.4036 0.999999
10.4053 0.999999
10.4071 0.999999
10.4088 0.999999
10.4106 0.999999
10.4123 0.999999
10.4141 0.999999
10.4158 0.999999
10.4176 0.999999
10.4193 0.999999
10.421 0.999999
10.4228 0.999999
10.4245 0.999999
10.4263 0.999999
10.428 0.999999
10.4298 0.999999
10.4315 0.999999
10.4333 0.999999
10.435 0.999999
10.4367 0.999999
10.4385 0.999999
10.4402 0.999999
10.442 0.999999
10.4437 0.999999
10.4455 0.999999
10.4472 0.999999
10.449 0.999999
10.4507 0.999999
10.4524 0.999999
10.4542 0.999999
10.4559 0.999999
10.4577 0.999999
10.4594 0.999999
10.4612 0.999999
10.4629 0.999999
10.4647 0.999999
10.4664 0.999999
10.4681 0.999999
10.4699 0.999999
10.4716 0.999999
10.4734 0.999999
10.4751 0.999999
10.4769 0.999999
10.4786 0.999999
10.4804 0.999999
10.4821 0.999999
10.4838 0.999999
10.4856 0.999999
10.4873 0.999999
10.4891 0.999999
10.4908 0.999999
10.4926 0.999999
10.4943 0.999999
10.4961 0.999999
10.4978 0.999999
10.4995 0.999999
10.5013 0.999999
10.503 0.999999
10.5048 0.999999
10.5065 0.999999
10.5083 0.999999
10.51 0.999999
10.5118 0.999999
10.5135 0.999999
10.5152 0.999999
10.517 0.999999
10.5187 0.999999
10.5205 0.999999
10.5222 0.999999
10.524 0.999999
10.5257 0.999999
10.5275 0.999999
10.5292 0.999999
10.5309 0.999999
10.5327 0.999999
10.5344 0.999999
10.5362 0.999999
10.5379 0.999999
10.5397 0.999999
10.5414 0.999999
10.5432 0.999999
10.5449 0.999999
10.5466 0.999999
10.5484 0.999999
10.5501 0.999999
10.5519 0.999999
10.5536 0.999999
10.5554 0.999999
10.5571 0.999999
10.5588 0.999999
10.5606 0.999999
10.5623 0.999999
10.5641 0.999999
10.5658 0.999999
10.5676 0.999999
10.5693 0.999999
10.5711 0.999999
10.5728 0.999999
10.5745 0.999999
10.5763 0.999999
10.578 0.999999
10.5798 0.999999
10.5815 0.999999
10.5833 0.999999
10.585 0.999999
10.5868 0.999999
10.5885 0.999999
10.5902 0.999999
10.592 0.999999
10.5937 0.999999
10.5955 0.999999
10.5972 0.999999
10.599 0.999999
10.6007 0.999999
10.6025 0.999999
10.6042 0.999999
10.6059 0.999999
10.6077 0.999999
10.6094 0.999999
10.6112 0.999999
10.6129 0.999999
10.6147 0.999999
10.6164 0.999999
10.6182 0.999999
10.6199 0.999999
10.6216 0.999999
10.6234 0.999999
10.6251 0.999999
10.6269 0.999999
10.6286 0.999999
10.6304 0.999999
10.6321 0.999999
10.6339 0.999999
10.6356 0.999999
10.6373 0.999999
10.6391 0.999999
10.6408 0.999999
10.6426 0.999999
10.6443 0.999999
10.6461 0.999999
10.6478 0.999999
10.6496 0.999999
10.6513 0.999999
10.653 0.999999
10.6548 0.999999
10.6565 0.999999
10.6583 0.999999
10.66 0.999999
10.6618 0.999999
10.6635 0.999999
10.6653 0.999999
10.667 0.999999
10.6687 0.999999
10.6705 0.999999
10.6722 0.999999
10.674 0.999999
10.6757 0.999999
10.6775 0.999999
10.6792 0.999999
10.681 0.999999
10.6827 0.999999
10.6844 0.999999
10.6862 0.999999
10.6879 0.999999
10.6897 0.999999
10.6914 0.999999
10.6932 0.999999
10.6949 0.999999
10.6967 0.999999
10.6984 0.999999
10.7001 0.999999
10.7019 0.999999
10.7036 0.999999
10.7054 0.999999
10.7071 0.999999
10.7089 0.999999
10.7106 0.999999
10.7123 0.999999
10.7141 0.999999
10.7158 0.999999
10.7176 0.999999
10.7193 0.999999
10.7211 0.999999
10.7228 0.999999
10.7246 0.999999
10.7263 0.999999
10.728 0.999999
10.7298 0.999999
10.7315 0.999999
10.7333 0.999999
10.735 0.999999
10.7368 0.999999
10.7385 0.999999
10.7403 0.999999
10.742 0.999999
10.7437 0.999999
10.7455 0.999999
10.7472 0.999999
10.749 0.999999
10.7507 0.999999
10.7525 0.999999
10.7542 0.999999
10.756 0.999999
10.7577 0.999999
10.7594 0.999999
10.7612 0.999999
10.7629 0.999999
10.7647 0.999999
10.7664 0.999999
10.7682 0.999999
10.7699 0.999999
10.7717 0.999999
10.7734 0.999999
10.7751 0.999999
10.7769 0.999999
10.7786 0.999999
10.7804 0.999999
10.7821 0.999999
10.7839 0.999999
10.7856 0.999999
10.7874 0.999999
10.7891 0.999999
10.7908 0.999999
10.7926 0.999999
10.7943 0.999999
10.7961 0.999999
10.7978 0.999999
10.7996 0.999999
10.8013 0.999999
10.8031 0.999999
10.8048 0.999999
10.8065 0.999999
10.8083 0.999999
10.81 0.999999
10.8118 0.999999
10.8135 0.999999
10.8153 0.999999
10.817 0.999999
10.8188 0.999999
10.8205 0.999999
10.8222 0.999999
10.824 0.999999
10.8257 0.999999
10.8275 0.999999
10.8292 0.999999
10.831 0.999999
10.8327 0.999999
10.8345 0.999999
10.8362 0.999999
10.8379 0.999999
10.8397 0.999999
10.8414 0.999999
10.8432 0.999999
10.8449 0.999999
10.8467 0.999999
10.8484 0.999999
10.8502 0.999999
10.8519 0.999999
10.8536 0.999999
10.8554 0.999999
10.8571 0.999999
10.8589 0.999999
10.8606 0.999999
10.8624 0.999999
10.8641 0.999999
10.8658 0.999999
10.8676 0.999999
10.8693 0.999999
10.8711 0.999999
10.8728 0.999999
10.8746 0.999999
10.8763 0.999999
10.8781 0.999999
10.8798 0.999999
10.8815 0.999999
10.8833 0.999999
10.885 0.999999
10.8868 0.999999
10.8885 0.999999
10.8903 0.999999
10.892 0.999999
10.8938 0.999999
10.8955 0.999999
10.8972 0.999999
10.899 0.999999
10.9007 0.999999
10.9025 0.999999
10.9042 0.999999
10.906 0.999999
10.9077 0.999999
10.9095 0.999999
10.9112 0.999999
10.9129 0.999999
10.9147 0.999999
10.9164 0.999999
10.9182 0.999999
10.9199 0.999999
10.9217 0.999999
10.9234 0.999999
10.9252 0.999999
10.9269 0.999999
10.9286 0.999999
10.9304 0.999999
10.9321 0.999999
10.9339 0.999999
10.9356 0.999999
10.9374 0.999999
10.9391 0.999999
10.9409 0.999999
10.9426 0.999999
10.9443 0.999999
10.9461 0.999999
10.9478 0.999999
10.9496 0.999999
10.9513 0.999999
10.9531 0.999999
10.9548 0.999999
10.9566 0.999999
10.9583 0.999999
10.96 0.999999
10.9618 0.999999
10.9635 0.999999
10.9653 0.999999
10.967 0.999999
10.9688 0.999999
10.9705 0.999999
10.9723 0.999999
10.974 0.999999
10.9757 0.999999
10.9775 0.999999
10.9792 0.999999
10.981 0.999999
10.9827 0.999999
10.9845 0.999999
10.9862 0.999999
10.988 0.999999
10.9897 0.999999
10.9914 0.999999
10.9932 0.999999
10.9949 0.999999
10.9967 0.999999
10.9984 0.999999
11.0002 0.999999
11.0019 0.999999
11.0037 0.999999
11.0054 0.999999
11.0071 0.999999
11.0089 0.999999
11.0106 0.999999
11.0124 0.999999
11.0141 0.999999
11.0159 0.999999
11.0176 0.999999
11.0193 0.999999
11.0211 0.999999
11.0228 0.999999
11.0246 0.999999
11.0263 0.999999
11.0281 0.999999
11.0298 0.999999
11.0316 0.999999
11.0333 0.999999
11.035 0.999999
11.0368 0.999999
11.0385 0.999999
11.0403 0.999999
11.042 0.999999
11.0438 0.999999
11.0455 0.999999
11.0473 0.999999
11.049 0.999999
11.0507 0.999999
11.0525 0.999999
11.0542 0.999999
11.056 0.999999
11.0577 0.999999
11.0595 0.999999
11.0612 0.999999
11.063 0.999999
11.0647 0.999999
11.0664 0.999999
11.0682 0.999999
11.0699 0.999999
11.0717 0.999999
11.0734 0.999999
11.0752 0.999999
11.0769 0.999999
11.0787 0.999999
11.0804 0.999999
11.0821 0.999999
11.0839 0.999999
11.0856 0.999999
11.0874 0.999999
11.0891 0.999999
11.0909 0.999999
11.0926 0.999999
11.0944 0.999999
11.0961 0.999999
11.0978 0.999999
11.0996 0.999999
11.1013 0.999999
11.1031 0.999999
11.1048 0.999999
11.1066 0.999999
11.1083 0.999999
11.1101 0.999999
11.1118 0.999999
11.1135 0.999999
11.1153 0.999999
11.117 0.999999
11.1188 0.999999
11.1205 0.999999
11.1223 0.999999
11.124 0.999999
11.1258 0.999999
11.1275 0.999999
11.1292 0.999999
11.131 0.999999
11.1327 0.999999
11.1345 0.999999
11.1362 0.999999
11.138 0.999999
11.1397 0.999999
11.1415 0.999999
11.1432 0.999999
11.1449 0.999999
11.1467 0.999999
11.1484 0.999999
11.1502 0.999999
11.1519 0.999999
11.1537 0.999999
11.1554 0.999999
11.1572 0.999999
11.1589 0.999999
11.1606 0.999999
11.1624 0.999999
11.1641 0.999999
11.1659 0.999999
11.1676 0.999999
11.1694 0.999999
11.1711 0.999999
11.1729 0.999999
11.1746 0.999999
11.1763 0.999999
11.1781 0.999999
11.1798 0.999999
11.1816 0.999999
11.1833 0.999999
11.1851 0.999999
11.1868 0.999999
11.1885 0.999999
11.1903 0.999999
11.192 0.999999
11.1938 0.999999
11.1955 0.999999
11.1973 0.999999
11.199 0.999999
11.2008 0.999999
11.2025 0.999999
11.2042 0.999999
11.206 0.999999
11.2077 0.999999
11.2095 0.999999
11.2112 0.999999
11.213 0.999999
11.2147 0.999999
11.2165 0.999999
11.2182 0.999999
11.2199 0.999999
11.2217 0.999999
11.2234 0.999999
11.2252 0.999999
11.2269 0.999999
11.2287 0.999999
11.2304 0.999999
11.2322 0.999999
11.2339 0.999999
11.2356 0.999999
11.2374 0.999999
11.2391 0.999999
11.2409 0.999999
11.2426 0.999999
11.2444 0.999999
11.2461 0.999999
11.2479 0.999999
11.2496 0.999999
11.2513 0.999999
11.2531 0.999999
11.2548 0.999999
11.2566 0.999999
11.2583 0.999999
11.2601 0.999999
11.2618 0.999999
11.2636 0.999999
11.2653 0.999999
11.267 0.999999
11.2688 0.999999
11.2705 0.999999
11.2723 0.999999
11.274 0.999999
11.2758 0.999999
11.2775 0.999999
11.2793 0.999999
11.281 0.999999
11.2827 0.999999
11.2845 0.999999
11.2862 0.999999
11.288 0.999999
11.2897 0.999999
11.2915 0.999999
11.2932 0.999999
11.295 0.999999
11.2967 0.999999
11.2984 0.999999
11.3002 0.999999
11.3019 0.999999
11.3037 0.999999
11.3054 0.999999
11.3072 0.999999
11.3089 0.999999
11.3107 0.999999
11.3124 0.999999
11.3141 0.999999
11.3159 0.999999
11.3176 0.999999
11.3194 0.999999
11.3211 0.999999
11.3229 0.999999
11.3246 0.999999
11.3264 0.999999
11.3281 0.999999
11.3298 0.999999
11.3316 0.999999
11.3333 0.999999
11.3351 0.999999
11.3368 0.999999
11.3386 0.999999
11.3403 0.999999
11.342 0.999999
11.3438 0.999999
11.3455 0.999999
11.3473 0.999999
11.349 0.999999
11.3508 0.999999
11.3525 0.999999
11.3543 0.999999
11.356 0.999999
11.3577 0.999999
11.3595 0.999999
11.3612 0.999999
11.363 0.999999
11.3647 0.999999
11.3665 0.999999
11.3682 0.999999
11.37 0.999999
11.3717 0.999999
11.3734 0.999999
11.3752 0.999999
11.3769 0.999999
11.3787 0.999999
11.3804 0.999999
11.3822 0.999999
11.3839 0.999999
11.3857 0.999999
11.3874 0.999999
11.3891 0.999999
11.3909 0.999999
11.3926 0.999999
11.3944 0.999999
11.3961 0.999999
11.3979 0.999999
11.3996 0.999999
11.4014 0.999999
11.4031 0.999999
11.4048 0.999999
11.4066 0.999999
11.4083 0.999999
11.4101 0.999999
11.4118 0.999999
11.4136 0.999999
11.4153 0.999999
11.4171 0.999999
11.4188 0.999999
11.4205 0.999999
11.4223 0.999999
11.424 0.999999
11.4258 0.999999
11.4275 0.999999
11.4293 0.999999
11.431 0.999999
11.4328 0.999999
11.4345 0.999999
11.4362 0.999999
11.438 0.999999
11.4397 0.999999
11.4415 0.999999
11.4432 0.999999
11.445 0.999999
11.4467 0.999999
11.4485 0.999999
11.4502 0.999999
11.4519 0.999999
11.4537 0.999999
11.4554 0.999999
11.4572 0.999999
11.4589 0.999999
11.4607 0.999999
11.4624 0.999999
11.4642 0.999999
11.4659 0.999999
11.4676 0.999999
11.4694 0.999999
11.4711 0.999999
11.4729 0.999999
11.4746 0.999999
11.4764 0.999999
11.4781 0.999999
11.4799 0.999999
11.4816 0.999999
11.4833 0.999999
11.4851 0.999999
11.4868 0.999999
11.4886 0.999999
11.4903 0.999999
11.4921 0.999999
11.4938 0.999999
11.4955 0.999999
11.4973 0.999999
11.499 0.999999
11.5008 0.999999
11.5025 0.999999
11.5043 0.999999
11.506 0.999999
11.5078 0.999999
11.5095 0.999999
11.5112 0.999999
11.513 0.999999
11.5147 0.999999
11.5165 0.999999
11.5182 0.999999
11.52 0.999999
11.5217 0.999999
11.5235 0.999999
11.5252 0.999999
11.5269 0.999999
11.5287 0.999999
11.5304 0.999999
11.5322 0.999999
11.5339 0.999999
11.5357 0.999999
11.5374 0.999999
11.5392 0.999999
11.5409 0.999999
11.5426 0.999999
11.5444 0.999999
11.5461 0.999999
11.5479 0.999999
11.5496 0.999999
11.5514 0.999999
11.5531 0.999999
11.5549 0.999999
11.5566 0.999999
11.5583 0.999999
11.5601 0.999999
11.5618 0.999999
11.5636 0.999999
11.5653 0.999999
11.5671 0.999999
11.5688 0.999999
11.5706 0.999999
11.5723 0.999999
11.574 0.999999
11.5758 0.999999
11.5775 0.999999
11.5793 0.999999
11.581 0.999999
11.5828 0.999999
11.5845 0.999999
11.5863 0.999999
11.588 0.999999
11.5897 0.999999
11.5915 0.999999
11.5932 0.999999
11.595 0.999999
11.5967 0.999999
11.5985 0.999999
11.6002 0.999999
11.602 0.999999
11.6037 0.999999
11.6054 0.999999
11.6072 0.999999
11.6089 0.999999
11.6107 0.999999
11.6124 0.999999
11.6142 0.999999
11.6159 0.999999
11.6177 0.999999
11.6194 0.999999
11.6211 0.999999
11.6229 0.999999
11.6246 0.999999
11.6264 0.999999
11.6281 0.999999
11.6299 0.999999
11.6316 0.999999
11.6334 0.999999
11.6351 0.999999
11.6368 0.999999
11.6386 0.999999
11.6403 0.999999
11.6421 0.999999
11.6438 0.999999
11.6456 0.999999
11.6473 0.999999
11.649 0.999999
11.6508 0.999999
11.6525 0.999999
11.6543 0.999999
11.656 0.999999
11.6578 0.999999
11.6595 0.999999
11.6613 0.999999
11.663 0.999999
11.6647 0.999999
11.6665 0.999999
11.6682 0.999999
11.67 0.999999
11.6717 0.999999
11.6735 0.999999
11.6752 0.999999
11.677 0.999999
11.6787 0.999999
11.6804 0.999999
11.6822 0.999999
11.6839 0.999999
11.6857 0.999999
11.6874 0.999999
11.6892 0.999999
11.6909 0.999999
11.6927 0.999999
11.6944 0.999999
11.6961 0.999999
11.6979 0.999999
11.6996 0.999999
11.7014 0.999999
11.7031 0.999999
11.7049 0.999999
11.7066 0.999999
11.7084 0.999999
11.7101 0.999999
11.7118 0.999999
11.7136 0.999999
11.7153 0.999999
11.7171 0.999999
11.7188 0.999999
11.7206 0.999999
11.7223 0.999999
11.7241 0.999999
11.7258 0.999999
11.7275 0.999999
11.7293 0.999999
11.731 0.999999
11.7328 0.999999
11.7345 0.999999
11.7363 0.999999
11.738 0.999999
11.7398 0.999999
11.7415 0.999999
11.7432 0.999999
11.745 0.999999
11.7467 0.999999
11.7485 0.999999
11.7502 0.999999
11.752 0.999999
11.7537 0.999999
11.7555 0.999999
11.7572 0.999999
11.7589 0.999999
11.7607 0.999999
11.7624 0.999999
11.7642 0.999999
11.7659 0.999999
11.7677 0.999999
11.7694 0.999999
11.7712 0.999999
11.7729 0.999999
11.7746 0.999999
11.7764 0.999999
11.7781 0.999999
11.7799 0.999999
11.7816 0.999999
11.7834 0.999999
11.7851 0.999999
11.7869 0.999999
11.7886 0.999999
11.7903 0.999999
11.7921 0.999999
11.7938 0.999999
11.7956 0.999999
11.7973 0.999999
11.7991 0.999999
11.8008 0.999999
11.8025 0.999999
11.8043 0.999999
11.806 0.999999
11.8078 0.999999
11.8095 0.999999
11.8113 0.999999
11.813 0.999999
11.8148 0.999999
11.8165 0.999999
11.8182 0.999999
11.82 0.999999
11.8217 0.999999
11.8235 0.999999
11.8252 0.999999
11.827 0.999999
11.8287 0.999999
11.8305 0.999999
11.8322 0.999999
11.8339 0.999999
11.8357 0.999999
11.8374 0.999999
11.8392 0.999999
11.8409 0.999999
11.8427 0.999999
11.8444 0.999999
11.8462 0.999999
11.8479 0.999999
11.8496 0.999999
11.8514 0.999999
11.8531 0.999999
11.8549 0.999999
11.8566 0.999999
11.8584 0.999999
11.8601 0.999999
11.8619 0.999999
11.8636 0.999999
11.8653 0.999999
11.8671 0.999999
11.8688 0.999999
11.8706 0.999999
11.8723 0.999999
11.8741 0.999999
11.8758 0.999999
11.8776 0.999999
11.8793 0.999999
11.881 0.999999
11.8828 0.999999
11.8845 0.999999
11.8863 0.999999
11.888 0.999999
11.8898 0.999999
11.8915 0.999999
11.8933 0.999999
11.895 0.999999
11.8967 0.999999
11.8985 0.999999
11.9002 0.999999
11.902 0.999999
11.9037 0.999999
11.9055 0.999999
11.9072 0.999999
11.909 0.999999
11.9107 0.999999
11.9124 0.999999
11.9142 0.999999
11.9159 0.999999
11.9177 0.999999
11.9194 0.999999
11.9212 0.999999
11.9229 0.999999
11.9247 0.999999
11.9264 0.999999
11.9281 0.999999
11.9299 0.999999
11.9316 0.999999
11.9334 0.999999
11.9351 0.999999
11.9369 0.999999
11.9386 0.999999
11.9404 0.999999
11.9421 0.999999
11.9438 0.999999
11.9456 0.999999
11.9473 0.999999
11.9491 0.999999
11.9508 0.999999
11.9526 0.999999
11.9543 0.999999
11.956 0.999999
11.9578 0.999999
11.9595 0.999999
11.9613 0.999999
11.963 0.999999
11.9648 0.999999
11.9665 0.999999
11.9683 0.999999
11.97 0.999999
11.9717 0.999999
11.9735 0.999999
11.9752 0.999999
11.977 0.999999
11.9787 0.999999
11.9805 0.999999
11.9822 0.999999
11.984 0.999999
11.9857 0.999999
11.9874 0.999999
11.9892 0.999999
11.9909 0.999999
11.9927 0.999999
11.9944 0.999999
11.9962 0.999999
11.9979 0.999999
11.9997 0.999999
12.0014 0.999999
12.0031 0.999999
12.0049 0.999999
12.0066 0.999999
12.0084 0.999999
12.0101 0.999999
12.0119 0.999999
12.0136 0.999999
12.0154 0.999999
12.0171 0.999999
12.0188 0.999999
12.0206 0.999999
12.0223 0.999999
12.0241 0.999999
12.0258 0.999999
12.0276 0.999999
12.0293 0.999999
12.0311 0.999999
12.0328 0.999999
12.0345 0.999999
12.0363 0.999999
12.038 0.999999
12.0398 0.999999
12.0415 0.999999
12.0433 1
12.045 1
12.0468 1
12.0485 1
12.0502 1
12.052 1
12.0537 1
12.0555 1
12.0572 1
12.059 1
12.0607 1
12.0625 1
12.0642 1
12.0659 1
12.0677 1
12.0694 1
12.0712 1
12.0729 1
12.0747 1
12.0764 1
12.0782 1
12.0799 1
12.0816 1
12.0834 1
12.0851 1
12.0869 1
12.0886 1
12.0904 1
12.0921 1
12.0939 1
12.0956 1
12.0973 1
12.0991 1
12.1008 1
12.1026 1
12.1043 1
12.1061 1
12.1078 1
12.1095 1
12.1113 1
12.113 1
12.1148 1
12.1165 1
12.1183 1
12.12 1
12.1218 1
12.1235 1
12.1252 1
12.127 1
12.1287 1
12.1305 1
12.1322 1
12.134 1
12.1357 1
12.1375 1
12.1392 1
12.1409 1
12.1427 1
12.1444 1
12.1462 1
12.1479 1
12.1497 1
12.1514 1
12.1532 1
12.1549 1
12.1566 1
12.1584 1
12.1601 1
12.1619 1
12.1636 1
12.1654 1
12.1671 1
12.1689 1
12.1706 1
12.1723 1
12.1741 1
12.1758 1
12.1776 1
12.1793 1
12.1811 1
12.1828 1
12.1846 1
12.1863 1
12.188 1
12.1898 1
12.1915 1
12.1933 1
12.195 1
12.1968 1
12.1985 1
12.2003 1
12.202 1
12.2037 1
12.2055 1
12.2072 1
12.209 1
12.2107 1
12.2125 1
12.2142 1
12.216 1
12.2177 1
12.2194 1
12.2212 1
12.2229 1
12.2247 1
12.2264 1
12.2282 1
12.2299 1
12.2317 1
12.2334 1
12.2351 1
12.2369 1
12.2386 1
12.2404 1
12.2421 1
12.2439 1
12.2456 1
12.2474 1
12.2491 1
12.2508 1
12.2526 1
12.2543 1
12.2561 1
12.2578 1
12.2596 1
12.2613 1
12.2631 1
12.2648 1
12.2665 1
12.2683 1
12.27 1
12.2718 1
12.2735 1
12.2753 1
12.277 1
12.2787 1
12.2805 1
12.2822 1
12.284 1
12.2857 1
12.2875 1
12.2892 1
12.291 1
12.2927 1
12.2944 1
12.2962 1
12.2979 1
12.2997 1
12.3014 1
12.3032 1
12.3049 1
12.3067 1
12.3084 1
12.3101 1
12.3119 1
12.3136 1
12.3154 1
12.3171 1
12.3189 1
12.3206 1
12.3224 1
12.3241 1
12.3258 1
12.3276 1
12.3293 1
12.3311 1
12.3328 1
12.3346 1
12.3363 1
12.3381 1
12.3398 1
12.3415 1
12.3433 1
12.345 1
12.3468 1
12.3485 1
12.3503 1
12.352 1
12.3538 1
12.3555 1
12.3572 1
12.359 1
12.3607 1
12.3625 1
12.3642 1
12.366 1
12.3677 1
12.3695 1
12.3712 1
12.3729 1
12.3747 1
12.3764 1
12.3782 1
12.3799 1
12.3817 1
12.3834 1
12.3852 1
12.3869 1
12.3886 1
12.3904 1
12.3921 1
12.3939 1
12.3956 1
12.3974 1
12.3991 1
12.4009 1
12.4026 1
12.4043 1
12.4061 1
12.4078 1
12.4096 1
12.4113 1
12.4131 1
12.4148 1
12.4166 1
12.4183 1
12.42 1
12.4218 1
12.4235 1
12.4253 1
12.427 1
12.4288 1
12.4305 1
12.4322 1
12.434 1
12.4357 1
12.4375 1
12.4392 1
12.441 1
12.4427 1
12.4445 1
12.4462 1
12.4479 1
12.4497 1
12.4514 1
12.4532 1
12.4549 1
12.4567 1
12.4584 1
12.4602 1
12.4619 1
12.4636 1
12.4654 1
12.4671 1
12.4689 1
12.4706 1
12.4724 1
12.4741 1
12.4759 1
12.4776 1
12.4793 1
12.4811 1
12.4828 1
12.4846 1
12.4863 1
12.4881 1
12.4898 1
12.4916 1
12.4933 1
12.495 1
12.4968 1
12.4985 1
12.5003 1
12.502 1
12.5038 1
12.5055 1
12.5073 1
12.509 1
12.5107 1
12.5125 1
12.5142 1
12.516 1
12.5177 1
12.5195 1
12.5212 1
12.523 1
12.5247 1
12.5264 1
12.5282 1
12.5299 1
12.5317 1
12.5334 1
12.5352 1
12.5369 1
12.5387 1
12.5404 1
12.5421 1
12.5439 1
12.5456 1
12.5474 1
12.5491 1
12.5509 1
12.5526 1
12.5544 1
12.5561 1
12.5578 1
12.5596 1
12.5613 1
12.5631 1
12.5648 1
12.5666 1
12.5683 1
12.5701 1
12.5718 1
12.5735 1
12.5753 1
12.577 1
12.5788 1
12.5805 1
12.5823 1
12.584 1
12.5857 1
12.5875 1
12.5892 1
12.591 1
12.5927 1
12.5945 1
12.5962 1
12.598 1
12.5997 1
12.6014 1
12.6032 1
12.6049 1
12.6067 1
12.6084 1
12.6102 1
12.6119 1
12.6137 1
12.6154 1
12.6171 1
12.6189 1
12.6206 1
12.6224 1
12.6241 1
12.6259 1
12.6276 1
12.6294 1
12.6311 1
12.6328 1
12.6346 1
12.6363 1
12.6381 1
12.6398 1
12.6416 1
12.6433 1
12.6451 1
12.6468 1
12.6485 1
12.6503 1
12.652 1
12.6538 1
12.6555 1
12.6573 1
12.659 1
12.6608 1
12.6625 1
12.6642 1
12.666 1
12.6677 1
12.6695 1
12.6712 1
12.673 1
12.6747 1
12.6765 1
12.6782 1
12.6799 1
12.6817 1
12.6834 1
12.6852 1
12.6869 1
12.6887 1
12.6904 1
12.6922 1
12.6939 1
12.6956 1
12.6974 1
12.6991 1
12.7009 1
12.7026 1
12.7044 1
12.7061 1
12.7079 1
12.7096 1
12.7113 1
12.7131 1
12.7148 1
12.7166 1
12.7183 1
12.7201 1
12.7218 1
12.7236 1
12.7253 1
12.727 1
12.7288 1
12.7305 1
12.7323 1
12.734 1
12.7358 1
12.7375 1
12.7392 1
12.741 1
12.7427 1
12.7445 1
12.7462 1
12.748 1
12.7497 1
12.7515 1
12.7532 1
12.7549 1
12.7567 1
12.7584 1
12.7602 1
12.7619 1
12.7637 1
12.7654 1
12.7672 1
12.7689 1
12.7706 1
12.7724 1
12.7741 1
12.7759 1
12.7776 1
12.7794 1
12.7811 1
12.7829 1
12.7846 1
12.7863 1
12.7881 1
12.7898 1
12.7916 1
12.7933 1
12.7951 1
12.7968 1
12.7986 1
12.8003 1
12.802 1
12.8038 1
12.8055 1
12.8073 1
12.809 1
12.8108 1
12.8125 1
12.8143 1
12.816 1
12.8177 1
12.8195 1
12.8212 1
12.823 1
12.8247 1
12.8265 1
12.8282 1
12.83 1
12.8317 1
12.8334 1
12.8352 1
12.8369 1
12.8387 1
12.8404 1
12.8422 1
12.8439 1
12.8457 1
12.8474 1
12.8491 1
12.8509 1
12.8526 1
12.8544 1
12.8561 1
12.8579 1
12.8596 1
12.8614 1
12.8631 1
12.8648 1
12.8666 1
12.8683 1
12.8701 1
12.8718 1
12.8736 1
12.8753 1
12.8771 1
12.8788 1
12.8805 1
12.8823 1
12.884 1
12.8858 1
12.8875 1
12.8893 1
12.891 1
12.8927 1
12.8945 1
12.8962 1
12.898 1
12.8997 1
12.9015 1
12.9032 1
12.905 1
12.9067 1
12.9084 1
12.9102 1
12.9119 1
12.9137 1
12.9154 1
12.9172 1
12.9189 1
12.9207 1
12.9224 1
12.9241 1
12.9259 1
12.9276 1
12.9294 1
12.9311 1
12.9329 1
12.9346 1
12.9364 1
12.9381 1
12.9398 1
12.9416 1
12.9433 1
12.9451 1
12.9468 1
12.9486 1
12.9503 1
12.9521 1
12.9538 1
12.9555 1
12.9573 1
12.959 1
12.9608 1
12.9625 1
12.9643 1
12.966 1
12.9678 1
12.9695 1
12.9712 1
12.973 1
12.9747 1
12.9765 1
12.9782 1
12.98 1
12.9817 1
12.9835 1
12.9852 1
12.9869 1
12.9887 1
12.9904 1
12.9922 1
12.9939 1
12.9957 1
12.9974 1
12.9992 1
13.0009 1
13.0026 1
13.0044 1
13.0061 1
13.0079 1
13.0096 1
13.0114 1
13.0131 1
13.0149 1
13.0166 1
13.0183 1
13.0201 1
13.0218 1
13.0236 1
13.0253 1
13.0271 1
13.0288 1
13.0306 1
13.0323 1
13.034 1
13.0358 1
13.0375 1
13.0393 1
13.041 1
13.0428 1
13.0445 1
13.0462 1
13.048 1
13.0497 1
13.0515 1
13.0532 1
13.055 1
13.0567 1
13.0585 1
13.0602 1
13.0619 1
13.0637 1
13.0654 1
13.0672 1
13.0689 1
13.0707 1
13.0724 1
13.0742 1
13.0759 1
13.0776 1
13.0794 1
13.0811 1
13.0829 1
13.0846 1
13.0864 1
13.0881 1
13.0899 1
13.0916 1
13.0933 1
13.0951 1
13.0968 1
13.0986 1
13.1003 1
13.1021 1
13.1038 1
13.1056 1
13.1073 1
13.109 1
13.1108 1
13.1125 1
13.1143 1
13.116 1
13.1178 1
13.1195 1
13.1213 1
13.123 1
13.1247 1
13.1265 1
13.1282 1
13.13 1
13.1317 1
13.1335 1
13.1352 1
13.137 1
13.1387 1
13.1404 1
13.1422 1
13.1439 1
13.1457 1
13.1474 1
13.1492 1
13.1509 1
13.1527 1
13.1544 1
13.1561 1
13.1579 1
13.1596 1
13.1614 1
13.1631 1
13.1649 1
13.1666 1
13.1684 1
13.1701 1
13.1718 1
13.1736 1
13.1753 1
13.1771 1
13.1788 1
13.1806 1
13.1823 1
13.1841 1
13.1858 1
13.1875 1
13.1893 1
13.191 1
13.1928 1
13.1945 1
13.1963 1
13.198 1
13.1998 1
13.2015 1
13.2032 1
13.205 1
13.2067 1
13.2085 1
13.2102 1
13.212 1
13.2137 1
13.2154 1
13.2172 1
13.2189 1
13.2207 1
13.2224 1
13.2242 1
13.2259 1
13.2277 1
13.2294 1
13.2311 1
13.2329 1
13.2346 1
13.2364 1
13.2381 1
13.2399 1
13.2416 1
13.2434 1
13.2451 1
13.2468 1
13.2486 1
13.2503 1
13.2521 1
13.2538 1
13.2556 1
13.2573 1
13.2591 1
13.2608 1
13.2625 1
13.2643 1
13.266 1
13.2678 1
13.2695 1
13.2713 1
13.273 1
13.2748 1
13.2765 1
13.2782 1
13.28 1
13.2817 1
13.2835 1
13.2852 1
13.287 1
13.2887 1
13.2905 1
13.2922 1
13.2939 1
13.2957 1
13.2974 1
13.2992 1
13.3009 1
13.3027 1
13.3044 1
13.3062 1
13.3079 1
13.3096 1
13.3114 1
13.3131 1
13.3149 1
13.3166 1
13.3184 1
13.3201 1
13.3219 1
13.3236 1
13.3253 1
13.3271 1
13.3288 1
13.3306 1
13.3323 1
13.3341 1
13.3358 1
13.3376 1
13.3393 1
13.341 1
13.3428 1
13.3445 1
13.3463 1
13.348 1
13.3498 1
13.3515 1
13.3533 1
13.355 1
13.3567 1
13.3585 1
13.3602 1
13.362 1
13.3637 1
13.3655 1
13.3672 1
13.3689 1
13.3707 1
13.3724 1
13.3742 1
13.3759 1
13.3777 1
13.3794 1
13.3812 1
13.3829 1
13.3846 1
13.3864 1
13.3881 1
13.3899 1
13.3916 1
13.3934 1
13.3951 1
13.3969 1
13.3986 1
13.4003 1
13.4021 1
13.4038 1
13.4056 1
13.4073 1
13.4091 1
13.4108 1
13.4126 1
13.4143 1
13.416 1
13.4178 1
13.4195 1
13.4213 1
13.423 1
13.4248 1
13.4265 1
13.4283 1
13.43 1
13.4317 1
13.4335 1
13.4352 1
13.437 1
13.4387 1
13.4405 1
13.4422 1
13.444 1
13.4457 1
13.4474 1
13.4492 1
13.4509 1
13.4527 1
13.4544 1
13.4562 1
13.4579 1
13.4597 1
13.4614 1
13.4631 1
13.4649 1
13.4666 1
13.4684 1
13.4701 1
13.4719 1
13.4736 1
13.4754 1
13.4771 1
13.4788 1
13.4806 1
13.4823 1
13.4841 1
13.4858 1
13.4876 1
13.4893 1
13.4911 1
13.4928 1
13.4945 1
13.4963 1
13.498 1
13.4998 1
13.5015 1
13.5033 1
13.505 1
13.5068 1
13.5085 1
13.5102 1
13.512 1
13.5137 1
13.5155 1
13.5172 1
13.519 1
13.5207 1
13.5224 1
13.5242 1
13.5259 1
13.5277 1
13.5294 1
13.5312 1
13.5329 1
13.5347 1
13.5364 1
13.5381 1
13.5399 1
13.5416 1
13.5434 1
13.5451 1
13.5469 1
13.5486 1
13.5504 1
13.5521 1
13.5538 1
13.5556 1
13.5573 1
13.5591 1
13.5608 1
13.5626 1
13.5643 1
13.5661 1
13.5678 1
13.5695 1
13.5713 1
13.573 1
13.5748 1
13.5765 1
13.5783 1
13.58 1
13.5818 1
13.5835 1
13.5852 1
13.587 1
13.5887 1
13.5905 1
13.5922 1
13.594 1
13.5957 1
13.5975 1
13.5992 1
13.6009 1
13.6027 1
13.6044 1
13.6062 1
13.6079 1
13.6097 1
13.6114 1
13.6132 1
13.6149 1
13.6166 1
13.6184 1
13.6201 1
13.6219 1
13.6236 1
13.6254 1
13.6271 1
13.6289 1
13.6306 1
13.6323 1
13.6341 1
13.6358 1
13.6376 1
13.6393 1
13.6411 1
13.6428 1
13.6446 1
13.6463 1
13.648 1
13.6498 1
13.6515 1
13.6533 1
13.655 1
13.6568 1
13.6585 1
13.6603 1
13.662 1
13.6637 1
13.6655 1
13.6672 1
13.669 1
13.6707 1
13.6725 1
13.6742 1
13.6759 1
13.6777 1
13.6794 1
13.6812 1
13.6829 1
13.6847 1
13.6864 1
13.6882 1
13.6899 1
13.6916 1
13.6934 1
13.6951 1
13.6969 1
13.6986 1
13.7004 1
13.7021 1
13.7039 1
13.7056 1
13.7073 1
13.7091 1
13.7108 1
13.7126 1
13.7143 1
13.7161 1
13.7178 1
13.7196 1
13.7213 1
13.723 1
13.7248 1
13.7265 1
13.7283 1
13.73 1
13.7318 1
13.7335 1
13.7353 1
13.737 1
13.7387 1
13.7405 1
13.7422 1
13.744 1
13.7457 1
13.7475 1
13.7492 1
13.751 1
13.7527 1
13.7544 1
13.7562 1
13.7579 1
13.7597 1
13.7614 1
13.7632 1
13.7649 1
13.7667 1
13.7684 1
13.7701 1
13.7719 1
13.7736 1
13.7754 1
13.7771 1
13.7789 1
13.7806 1
13.7824 1
13.7841 1
13.7858 1
13.7876 1
13.7893 1
13.7911 1
13.7928 1
13.7946 1
13.7963 1
13.7981 1
13.7998 1
13.8015 1
13.8033 1
13.805 1
13.8068 1
13.8085 1
13.8103 1
13.812 1
13.8138 1
13.8155 1
13.8172 1
13.819 1
13.8207 1
13.8225 1
13.8242 1
13.826 1
13.8277 1
13.8295 1
13.8312 1
13.8329 1
13.8347 1
13.8364 1
13.8382 1
13.8399 1
13.8417 1
13.8434 1
13.8451 1
13.8469 1
13.8486 1
13.8504 1
13.8521 1
13.8539 1
13.8556 1
13.8574 1
13.8591 1
13.8608 1
13.8626 1
13.8643 1
13.8661 1
13.8678 1
13.8696 1
13.8713 1
13.8731 1
13.8748 1
13.8765 1
13.8783 1
13.88 1
13.8818 1
13.8835 1
13.8853 1
13.887 1
13.8888 1
13.8905 1
13.8922 1
13.894 1
13.8957 1
13.8975 1
13.8992 1
13.901 1
13.9027 1
13.9045 1
13.9062 1
13.9079 1
13.9097 1
13.9114 1
13.9132 1
13.9149 1
13.9167 1
13.9184 1
13.9202 1
13.9219 1
13.9236 1
13.9254 1
13.9271 1
13.9289 1
13.9306 1
13.9324 1
13.9341 1
13.9359 1
13.9376 1
13.9393 1
13.9411 1
13.9428 1
13.9446 1
13.9463 1
13.9481 1
13.9498 1
13.9516 1
13.9533 1
13.955 1
13.9568 1
13.9585 1
13.9603 1
13.962 1
13.9638 1
13.9655 1
13.9673 1
13.969 1
13.9707 1
13.9725 1
13.9742 1
13.976 1
13.9777 1
13.9795 1
13.9812 1
13.983 1
13.9847 1
13.9864 1
13.9882 1
13.9899 1
13.9917 1
13.9934 1
13.9952 1
13.9969 1
13.9986 1
14.0004 1
14.0021 1
14.0039 1
14.0056 1
14.0074 1
14.0091 1
14.0109 1
14.0126 1
14.0143 1
14.0161 1
14.0178 1
14.0196 1
14.0213 1
14.0231 1
14.0248 1
14.0266 1
14.0283 1
14.03 1
14.0318 1
14.0335 1
14.0353 1
14.037 1
14.0388 1
14.0405 1
14.0423 1
14.044 1
14.0457 1
14.0475 1
14.0492 1
14.051 1
14.0527 1
14.0545 1
14.0562 1
14.058 1
14.0597 1
14.0614 1
14.0632 1
14.0649 1
14.0667 1
14.0684 1
14.0702 1
14.0719 1
14.0737 1
14.0754 1
14.0771 1
14.0789 1
14.0806 1
14.0824 1
14.0841 1
14.0859 1
14.0876 1
14.0894 1
14.0911 1
14.0928 1
14.0946 1
14.0963 1
14.0981 1
14.0998 1
14.1016 1
14.1033 1
14.1051 1
14.1068 1
14.1085 1
14.1103 1
14.112 1
14.1138 1
14.1155 1
14.1173 1
14.119 1
14.1208 1
14.1225 1
14.1242 1
14.126 1
14.1277 1
14.1295 1
14.1312 1
14.133 1
14.1347 1
14.1365 1
14.1382 1
14.1399 1
14.1417 1
14.1434 1
14.1452 1
14.1469 1
14.1487 1
14.1504 1
14.1521 1
14.1539 1
14.1556 1
14.1574 1
14.1591 1
14.1609 1
14.1626 1
14.1644 1
14.1661 1
14.1678 1
14.1696 1
14.1713 1
14.1731 1
14.1748 1
14.1766 1
14.1783 1
14.1801 1
14.1818 1
14.1835 1
14.1853 1
14.187 1
14.1888 1
14.1905 1
14.1923 1
14.194 1
14.1958 1
14.1975 1
14.1992 1
14.201 1
14.2027 1
14.2045 1
14.2062 1
14.208 1
14.2097 1
14.2115 1
14.2132 1
14.2149 1
14.2167 1
14.2184 1
14.2202 1
14.2219 1
14.2237 1
14.2254 1
14.2272 1
14.2289 1
14.2306 1
14.2324 1
14.2341 1
14.2359 1
14.2376 1
14.2394 1
14.2411 1
14.2429 1
14.2446 1
14.2463 1
14.2481 1
14.2498 1
14.2516 1
14.2533 1
14.2551 1
14.2568 1
14.2586 1
14.2603 1
14.262 1
14.2638 1
14.2655 1
14.2673 1
14.269 1
14.2708 1
14.2725 1
14.2743 1
14.276 1
14.2777 1
14.2795 1
14.2812 1
14.283 1
14.2847 1
14.2865 1
14.2882 1
14.29 1
14.2917 1
14.2934 1
14.2952 1
14.2969 1
14.2987 1
14.3004 1
14.3022 1
14.3039 1
14.3056 1
14.3074 1
14.3091 1
14.3109 1
14.3126 1
14.3144 1
14.3161 1
14.3179 1
14.3196 1
14.3213 1
14.3231 1
14.3248 1
14.3266 1
14.3283 1
14.3301 1
14.3318 1
14.3336 1
14.3353 1
14.337 1
14.3388 1
14.3405 1
14.3423 1
14.344 1
14.3458 1
14.3475 1
14.3493 1
14.351 1
14.3527 1
14.3545 1
14.3562 1
14.358 1
14.3597 1
14.3615 1
14.3632 1
14.365 1
14.3667 1
14.3684 1
14.3702 1
14.3719 1
14.3737 1
14.3754 1
14.3772 1
14.3789 1
14.3807 1
14.3824 1
14.3841 1
14.3859 1
14.3876 1
14.3894 1
14.3911 1
14.3929 1
14.3946 1
14.3964 1
14.3981 1
14.3998 1
14.4016 1
14.4033 1
14.4051 1
14.4068 1
14.4086 1
14.4103 1
14.4121 1
14.4138 1
14.4155 1
14.4173 1
14.419 1
14.4208 1
14.4225 1
14.4243 1
14.426 1
14.4278 1
14.4295 1
14.4312 1
14.433 1
14.4347 1
14.4365 1
14.4382 1
14.44 1
14.4417 1
14.4435 1
14.4452 1
14.4469 1
14.4487 1
14.4504 1
14.4522 1
14.4539 1
14.4557 1
14.4574 1
14.4591 1
14.4609 1
14.4626 1
14.4644 1
14.4661 1
14.4679 1
14.4696 1
14.4714 1
14.4731 1
14.4748 1
14.4766 1
14.4783 1
14.4801 1
14.4818 1
14.4836 1
14.4853 1
14.4871 1
14.4888 1
14.4905 1
14.4923 1
14.494 1
14.4958 1
14.4975 1
14.4993 1
14.501 1
14.5028 1
14.5045 1
14.5062 1
14.508 1
14.5097 1
14.5115 1
14.5132 1
14.515 1
14.5167 1
14.5185 1
14.5202 1
14.5219 1
14.5237 1
14.5254 1
14.5272 1
14.5289 1
14.5307 1
14.5324 1
14.5342 1
14.5359 1
14.5376 1
14.5394 1
14.5411 1
14.5429 1
14.5446 1
14.5464 1
14.5481 1
14.5499 1
14.5516 1
14.5533 1
14.5551 1
14.5568 1
14.5586 1
14.5603 1
14.5621 1
14.5638 1
14.5656 1
14.5673 1
14.569 1
14.5708 1
14.5725 1
14.5743 1
14.576 1
14.5778 1
14.5795 1
14.5813 1
14.583 1
14.5847 1
14.5865 1
14.5882 1
14.59 1
14.5917 1
14.5935 1
14.5952 1
14.597 1
14.5987 1
14.6004 1
14.6022 1
14.6039 1
14.6057 1
14.6074 1
14.6092 1
14.6109 1
14.6127 1
14.6144 1
14.6161 1
14.6179 1
14.6196 1
14.6214 1
14.6231 1
14.6249 1
14.6266 1
14.6283 1
14.6301 1
14.6318 1
14.6336 1
14.6353 1
14.6371 1
14.6388 1
14.6406 1
14.6423 1
14.644 1
14.6458 1
14.6475 1
14.6493 1
14.651 1
14.6528 1
14.6545 1
14.6563 1
14.658 1
14.6597 1
14.6615 1
14.6632 1
14.665 1
14.6667 1
14.6685 1
14.6702 1
14.672 1
14.6737 1
14.6754 1
14.6772 1
14.6789 1
14.6807 1
14.6824 1
14.6842 1
14.6859 1
14.6877 1
14.6894 1
14.6911 1
14.6929 1
14.6946 1
14.6964 1
14.6981 1
14.6999 1
14.7016 1
14.7034 1
14.7051 1
14.7068 1
14.7086 1
14.7103 1
14.7121 1
14.7138 1
14.7156 1
14.7173 1
14.7191 1
14.7208 1
14.7225 1
14.7243 1
14.726 1
14.7278 1
14.7295 1
14.7313 1
14.733 1
14.7348 1
14.7365 1
14.7382 1
14.74 1
14.7417 1
14.7435 1
14.7452 1
14.747 1
14.7487 1
14.7505 1
14.7522 1
14.7539 1
14.7557 1
14.7574 1
14.7592 1
14.7609 1
14.7627 1
14.7644 1
14.7662 1
14.7679 1
14.7696 1
14.7714 1
14.7731 1
14.7749 1
14.7766 1
14.7784 1
14.7801 1
14.7818 1
14.7836 1
14.7853 1
14.7871 1
14.7888 1
14.7906 1
14.7923 1
14.7941 1
14.7958 1
14.7975 1
14.7993 1
14.801 1
14.8028 1
14.8045 1
14.8063 1
14.808 1
14.8098 1
14.8115 1
14.8132 1
14.815 1
14.8167 1
14.8185 1
14.8202 1
14.822 1
14.8237 1
14.8255 1
14.8272 1
14.8289 1
14.8307 1
14.8324 1
14.8342 1
14.8359 1
14.8377 1
14.8394 1
14.8412 1
14.8429 1
14.8446 1
14.8464 1
14.8481 1
14.8499 1
14.8516 1
14.8534 1
14.8551 1
14.8569 1
14.8586 1
14.8603 1
14.8621 1
14.8638 1
14.8656 1
14.8673 1
14.8691 1
14.8708 1
14.8726 1
14.8743 1
14.876 1
14.8778 1
14.8795 1
14.8813 1
14.883 1
14.8848 1
14.8865 1
14.8883 1
14.89 1
14.8917 1
14.8935 1
14.8952 1
14.897 1
14.8987 1
14.9005 1
14.9022 1
14.904 1
14.9057 1
14.9074 1
14.9092 1
14.9109 1
14.9127 1
14.9144 1
14.9162 1
14.9179 1
14.9197 1
14.9214 1
14.9231 1
14.9249 1
14.9266 1
14.9284 1
14.9301 1
14.9319 1
14.9336 1
14.9353 1
14.9371 1
14.9388 1
14.9406 1
14.9423 1
14.9441 1
14.9458 1
14.9476 1
14.9493 1
14.951 1
14.9528 1
14.9545 1
14.9563 1
14.958 1
14.9598 1
14.9615 1
14.9633 1
14.965 1
14.9667 1
14.9685 1
14.9702 1
14.972 1
14.9737 1
14.9755 1
14.9772 1
14.979 1
14.9807 1
14.9824 1
14.9842 1
14.9859 1
14.9877 1
14.9894 1
14.9912 1
14.9929 1
14.9947 1
14.9964 1
14.9981 1
14.9999 1
15.0016 1
15.0034 1
15.0051 1
15.0069 1
15.0086 1
15.0104 1
15.0121 1
15.0138 1
15.0156 1
15.0173 1
15.0191 1
15.0208 1
15.0226 1
15.0243 1
15.0261 1
15.0278 1
15.0295 1
15.0313 1
15.033 1
15.0348 1
15.0365 1
15.0383 1
15.04 1
15.0418 1
15.0435 1
15.0452 1
15.047 1
15.0487 1
15.0505 1
15.0522 1
15.054 1
15.0557 1
15.0575 1
15.0592 1
15.0609 1
15.0627 1
15.0644 1
15.0662 1
15.0679 1
15.0697 1
15.0714 1
15.0732 1
15.0749 1
15.0766 1
15.0784 1
15.0801 1
15.0819 1
15.0836 1
15.0854 1
15.0871 1
15.0888 1
15.0906 1
15.0923 1
15.0941 1
15.0958 1
15.0976 1
15.0993 1
15.1011 1
15.1028 1
15.1045 1
15.1063 1
15.108 1
15.1098 1
15.1115 1
15.1133 1
15.115 1
15.1168 1
15.1185 1
15.1202 1
15.122 1
15.1237 1
15.1255 1
15.1272 1
15.129 1
15.1307 1
15.1325 1
15.1342 1
15.1359 1
15.1377 1
15.1394 1
15.1412 1
15.1429 1
15.1447 1
15.1464 1
15.1482 1
15.1499 1
15.1516 1
15.1534 1
15.1551 1
15.1569 1
15.1586 1
15.1604 1
15.1621 1
15.1639 1
15.1656 1
15.1673 1
15.1691 1
15.1708 1
15.1726 1
15.1743 1
15.1761 1
15.1778 1
15.1796 1
15.1813 1
15.183 1
15.1848 1
15.1865 1
15.1883 1
15.19 1
15.1918 1
15.1935 1
15.1953 1
15.197 1
15.1987 1
15.2005 1
15.2022 1
15.204 1
15.2057 1
15.2075 1
15.2092 1
15.211 1
15.2127 1
15.2144 1
15.2162 1
15.2179 1
15.2197 1
15.2214 1
15.2232 1
15.2249 1
15.2267 1
15.2284 1
15.2301 1
15.2319 1
15.2336 1
15.2354 1
15.2371 1
15.2389 1
15.2406 1
15.2424 1
15.2441 1
15.2458 1
15.2476 1
15.2493 1
15.2511 1
15.2528 1
15.2546 1
15.2563 1
15.258 1
15.2598 1
15.2615 1
15.2633 1
15.265 1
15.2668 1
15.2685 1
15.2703 1
15.272 1
15.2737 1
15.2755 1
15.2772 1
15.279 1
15.2807 1
15.2825 1
15.2842 1
15.286 1
15.2877 1
15.2894 1
15.2912 1
15.2929 1
15.2947 1
15.2964 1
15.2982 1
15.2999 1
15.3017 1
15.3034 1
15.3051 1
15.3069 1
15.3086 1
15.3104 1
15.3121 1
15.3139 1
15.3156 1
15.3174 1
15.3191 1
15.3208 1
15.3226 1
15.3243 1
15.3261 1
15.3278 1
15.3296 1
15.3313 1
15.3331 1
15.3348 1
15.3365 1
15.3383 1
15.34 1
15.3418 1
15.3435 1
15.3453 1
15.347 1
15.3488 1
15.3505 1
15.3522 1
15.354 1
15.3557 1
15.3575 1
15.3592 1
15.361 1
15.3627 1
15.3645 1
15.3662 1
15.3679 1
15.3697 1
15.3714 1
15.3732 1
15.3749 1
15.3767 1
15.3784 1
15.3802 1
15.3819 1
15.3836 1
15.3854 1
15.3871 1
15.3889 1
15.3906 1
15.3924 1
15.3941 1
15.3959 1
15.3976 1
15.3993 1
15.4011 1
15.4028 1
15.4046 1
15.4063 1
15.4081 1
15.4098 1
15.4115 1
15.4133 1
15.415 1
15.4168 1
15.4185 1
15.4203 1
15.422 1
15.4238 1
15.4255 1
15.4272 1
15.429 1
15.4307 1
15.4325 1
15.4342 1
15.436 1
15.4377 1
15.4395 1
15.4412 1
15.4429 1
15.4447 1
15.4464 1
15.4482 1
15.4499 1
15.4517 1
15.4534 1
15.4552 1
15.4569 1
15.4586 1
15.4604 1
15.4621 1
15.4639 1
15.4656 1
15.4674 1
15.4691 1
15.4709 1
15.4726 1
15.4743 1
15.4761 1
15.4778 1
15.4796 1
15.4813 1
15.4831 1
15.4848 1
15.4866 1
15.4883 1
15.49 1
15.4918 1
15.4935 1
15.4953 1
15.497 1
15.4988 1
15.5005 1
15.5023 1
15.504 1
15.5057 1
15.5075 1
15.5092 1
15.511 1
15.5127 1
15.5145 1
15.5162 1
15.518 1
15.5197 1
15.5214 1
15.5232 1
15.5249 1
15.5267 1
15.5284 1
15.5302 1
15.5319 1
15.5337 1
15.5354 1
15.5371 1
15.5389 1
15.5406 1
15.5424 1
15.5441 1
15.5459 1
15.5476 1
15.5494 1
15.5511 1
15.5528 1
15.5546 1
15.5563 1
15.5581 1
15.5598 1
15.5616 1
15.5633 1
15.565 1
15.5668 1
15.5685 1
15.5703 1
15.572 1
15.5738 1
15.5755 1
15.5773 1
15.579 1
15.5807 1
15.5825 1
15.5842 1
15.586 1
15.5877 1
15.5895 1
15.5912 1
15.593 1
15.5947 1
15.5964 1
15.5982 1
15.5999 1
15.6017 1
15.6034 1
15.6052 1
15.6069 1
15.6087 1
15.6104 1
15.6121 1
15.6139 1
15.6156 1
15.6174 1
15.6191 1
15.6209 1
15.6226 1
15.6244 1
15.6261 1
15.6278 1
15.6296 1
15.6313 1
15.6331 1
15.6348 1
15.6366 1
15.6383 1
15.6401 1
15.6418 1
15.6435 1
15.6453 1
15.647 1
15.6488 1
15.6505 1
15.6523 1
15.654 1
15.6558 1
15.6575 1
15.6592 1
15.661 1
15.6627 1
15.6645 1
15.6662 1
15.668 1
15.6697 1
15.6715 1
15.6732 1
15.6749 1
15.6767 1
15.6784 1
15.6802 1
15.6819 1
15.6837 1
15.6854 1
15.6872 1
15.6889 1
15.6906 1
15.6924 1
15.6941 1
15.6959 1
15.6976 1
15.6994 1
15.7011 1
15.7029 1
15.7046 1
15.7063 1
15.7081 1
15.7098 1
15.7116 1
15.7133 1
15.7151 1
15.7168 1
15.7185 1
15.7203 1
15.722 1
15.7238 1
15.7255 1
15.7273 1
15.729 1
15.7308 1
15.7325 1
15.7342 1
15.736 1
15.7377 1
15.7395 1
15.7412 1
15.743 1
15.7447 1
15.7465 1
15.7482 1
15.7499 1
15.7517 1
15.7534 1
15.7552 1
15.7569 1
15.7587 1
15.7604 1
15.7622 1
15.7639 1
15.7656 1
15.7674 1
15.7691 1
15.7709 1
15.7726 1
15.7744 1
15.7761 1
15.7779 1
15.7796 1
15.7813 1
15.7831 1
15.7848 1
15.7866 1
15.7883 1
15.7901 1
15.7918 1
15.7936 1
15.7953 1
15.797 1
15.7988 1
15.8005 1
15.8023 1
15.804 1
15.8058 1
15.8075 1
15.8093 1
15.811 1
15.8127 1
15.8145 1
15.8162 1
15.818 1
15.8197 1
15.8215 1
15.8232 1
15.825 1
15.8267 1
15.8284 1
15.8302 1
15.8319 1
15.8337 1
15.8354 1
15.8372 1
15.8389 1
15.8407 1
15.8424 1
15.8441 1
15.8459 1
15.8476 1
15.8494 1
15.8511 1
15.8529 1
15.8546 1
15.8564 1
15.8581 1
15.8598 1
15.8616 1
15.8633 1
15.8651 1
15.8668 1
15.8686 1
15.8703 1
15.872 1
15.8738 1
15.8755 1
15.8773 1
15.879 1
15.8808 1
15.8825 1
15.8843 1
15.886 1
15.8877 1
15.8895 1
15.8912 1
15.893 1
15.8947 1
15.8965 1
15.8982 1
15.9 1
15.9017 1
15.9034 1
15.9052 1
15.9069 1
15.9087 1
15.9104 1
15.9122 1
15.9139 1
15.9157 1
15.9174 1
15.9191 1
15.9209 1
15.9226 1
15.9244 1
15.9261 1
15.9279 1
15.9296 1
15.9314 1
15.9331 1
15.9348 1
15.9366 1
15.9383 1
15.9401 1
15.9418 1
15.9436 1
15.9453 1
15.9471 1
15.9488 1
15.9505 1
15.9523 1
15.954 1
15.9558 1
15.9575 1
15.9593 1
15.961 1
15.9628 1
15.9645 1
15.9662 1
15.968 1
15.9697 1
15.9715 1
15.9732 1
15.975 1
15.9767 1
15.9785 1
15.9802 1
15.9819 1
15.9837 1
15.9854 1
15.9872 1
15.9889 1
15.9907 1
15.9924 1
15.9942 1
15.9959 1
15.9976 1
15.9994 1
16.0011 1
16.0029 1
16.0046 1
16.0064 1
16.0081 1
16.0099 1
16.0116 1
16.0133 1
16.0151 1
16.0168 1
16.0186 1
16.0203 1
16.0221 1
16.0238 1
16.0255 1
16.0273 1
16.029 1
16.0308 1
16.0325 1
16.0343 1
16.036 1
16.0378 1
16.0395 1
16.0412 1
16.043 1
16.0447 1
16.0465 1
16.0482 1
16.05 1
16.0517 1
16.0535 1
16.0552 1
16.0569 1
16.0587 1
16.0604 1
16.0622 1
16.0639 1
16.0657 1
16.0674 1
16.0692 1
16.0709 1
16.0726 1
16.0744 1
16.0761 1
16.0779 1
16.0796 1
16.0814 1
16.0831 1
16.0849 1
16.0866 1
16.0883 1
16.0901 1
16.0918 1
16.0936 1
16.0953 1
16.0971 1
16.0988 1
16.1006 1
16.1023 1
16.104 1
16.1058 1
16.1075 1
16.1093 1
16.111 1
16.1128 1
16.1145 1
16.1163 1
16.118 1
16.1197 1
16.1215 1
16.1232 1
16.125 1
16.1267 1
16.1285 1
16.1302 1
16.132 1
16.1337 1
16.1354 1
16.1372 1
16.1389 1
16.1407 1
16.1424 1
16.1442 1
16.1459 1
16.1477 1
16.1494 1
16.1511 1
16.1529 1
16.1546 1
16.1564 1
16.1581 1
16.1599 1
16.1616 1
16.1634 1
16.1651 1
16.1668 1
16.1686 1
16.1703 1
16.1721 1
16.1738 1
16.1756 1
16.1773 1
16.1791 1
16.1808 1
16.1825 1
16.1843 1
16.186 1
16.1878 1
16.1895 1
16.1913 1
16.193 1
16.1947 1
16.1965 1
16.1982 1
16.2 1
16.2017 1
16.2035 1
16.2052 1
16.207 1
16.2087 1
16.2104 1
16.2122 1
16.2139 1
16.2157 1
16.2174 1
16.2192 1
16.2209 1
16.2227 1
16.2244 1
16.2261 1
16.2279 1
16.2296 1
16.2314 1
16.2331 0.999999
16.2349 0.999999
16.2366 0.999999
16.2384 0.999999
16.2401 0.999999
16.2418 0.999999
16.2436 0.999999
16.2453 0.999999
16.2471 0.999999
16.2488 0.999999
16.2506 0.999999
16.2523 0.999999
16.2541 0.999999
16.2558 0.999999
16.2575 0.999999
16.2593 0.999999
16.261 0.999999
16.2628 0.999999
16.2645 0.999999
16.2663 0.999999
16.268 0.999999
16.2698 0.999999
16.2715 0.999999
16.2732 0.999999
16.275 0.999999
16.2767 0.999999
16.2785 0.999999
16.2802 0.999999
16.282 0.999999
16.2837 0.999999
16.2855 0.999999
16.2872 0.999999
16.2889 0.999999
16.2907 0.999999
16.2924 0.999999
16.2942 0.999999
16.2959 0.999999
16.2977 0.999999
16.2994 0.999999
16.3012 0.999999
16.3029 0.999999
16.3046 0.999999
16.3064 0.999999
16.3081 0.999999
16.3099 0.999999
16.3116 0.999999
16.3134 0.999999
16.3151 0.999999
16.3169 0.999999
16.3186 0.999999
16.3203 0.999999
16.3221 0.999999
16.3238 0.999999
16.3256 0.999999
16.3273 0.999999
16.3291 0.999999
16.3308 0.999999
16.3326 0.999999
16.3343 0.999999
16.336 0.999999
16.3378 0.999999
16.3395 0.999999
16.3413 0.999999
16.343 0.999999
16.3448 0.999999
16.3465 0.999999
16.3482 0.999999
16.35 0.999999
16.3517 0.999999
16.3535 0.999999
16.3552 0.999999
16.357 0.999999
16.3587 0.999999
16.3605 0.999999
16.3622 0.999999
16.3639 0.999999
16.3657 0.999999
16.3674 0.999999
16.3692 0.999999
16.3709 0.999999
16.3727 0.999999
16.3744 0.999999
16.3762 0.999999
16.3779 0.999999
16.3796 0.999999
16.3814 0.999999
16.3831 0.999999
16.3849 0.999999
16.3866 0.999999
16.3884 0.999999
16.3901 0.999999
16.3919 0.999999
16.3936 0.999999
16.3953 0.999999
16.3971 0.999999
16.3988 0.999999
16.4006 0.999999
16.4023 0.999999
16.4041 0.999999
16.4058 0.999999
16.4076 0.999999
16.4093 0.999999
16.411 0.999999
16.4128 0.999999
16.4145 0.999999
16.4163 0.999999
16.418 0.999999
16.4198 0.999999
16.4215 0.999999
16.4233 0.999999
16.425 0.999999
16.4267 0.999999
16.4285 0.999999
16.4302 0.999999
16.432 0.999999
16.4337 0.999999
16.4355 0.999999
16.4372 0.999999
16.439 0.999999
16.4407 0.999999
16.4424 0.999999
16.4442 0.999999
16.4459 0.999999
16.4477 0.999999
16.4494 0.999999
16.4512 0.999999
16.4529 0.999999
16.4547 0.999999
16.4564 0.999999
16.4581 0.999999
16.4599 0.999999
16.4616 0.999999
16.4634 0.999999
16.4651 0.999999
16.4669 0.999999
16.4686 0.999999
16.4704 0.999999
16.4721 0.999999
16.4738 0.999999
16.4756 0.999999
16.4773 0.999999
16.4791 0.999999
16.4808 0.999999
16.4826 0.999999
16.4843 0.999999
16.4861 0.999999
16.4878 0.999999
16.4895 0.999999
16.4913 0.999999
16.493 0.999999
16.4948 0.999999
16.4965 0.999999
16.4983 0.999999
16.5 0.999999
16.5017 0.999999
16.5035 0.999999
16.5052 0.999999
16.507 0.999999
16.5087 0.999999
16.5105 0.999999
16.5122 0.999999
16.514 0.999999
16.5157 0.999999
16.5174 0.999999
16.5192 0.999999
16.5209 0.999999
16.5227 0.999999
16.5244 0.999999
16.5262 0.999999
16.5279 0.999999
16.5297 0.999999
16.5314 0.999999
16.5331 0.999999
16.5349 0.999999
16.5366 0.999999
16.5384 0.999999
16.5401 0.999999
16.5419 0.999999
16.5436 0.999999
16.5454 0.999999
16.5471 0.999999
16.5488 0.999999
16.5506 0.999999
16.5523 0.999999
16.5541 0.999999
16.5558 0.999999
16.5576 0.999999
16.5593 0.999999
16.5611 0.999999
16.5628 0.999999
16.5645 0.999999
16.5663 0.999999
16.568 0.999999
16.5698 0.999999
16.5715 0.999999
16.5733 0.999999
16.575 0.999999
16.5768 0.999999
16.5785 0.999999
16.5802 0.999999
16.582 0.999999
16.5837 0.999999
16.5855 0.999999
16.5872 0.999999
16.589 0.999999
16.5907 0.999999
16.5925 0.999999
16.5942 0.999999
16.5959 0.999999
16.5977 0.999999
16.5994 0.999999
16.6012 0.999999
16.6029 0.999999
16.6047 0.999999
16.6064 0.999999
16.6082 0.999999
16.6099 0.999999
16.6116 0.999999
16.6134 0.999999
16.6151 0.999999
16.6169 0.999999
16.6186 0.999999
16.6204 0.999999
16.6221 0.999999
16.6239 0.999999
16.6256 0.999999
16.6273 0.999999
16.6291 0.999999
16.6308 0.999999
16.6326 0.999999
16.6343 0.999999
16.6361 0.999999
16.6378 0.999999
16.6396 0.999999
16.6413 0.999999
16.643 0.999999
16.6448 0.999999
16.6465 0.999999
16.6483 0.999999
16.65 0.999999
16.6518 0.999999
16.6535 0.999999
16.6552 0.999999
16.657 0.999999
16.6587 0.999999
16.6605 0.999999
16.6622 0.999999
16.664 0.999999
16.6657 0.999999
16.6675 0.999999
16.6692 0.999999
16.6709 0.999999
16.6727 0.999999
16.6744 0.999999
16.6762 0.999999
16.6779 0.999999
16.6797 0.999999
16.6814 0.999999
16.6832 0.999999
16.6849 0.999999
16.6866 0.999999
16.6884 0.999999
16.6901 0.999999
16.6919 0.999999
16.6936 0.999999
16.6954 0.999999
16.6971 0.999999
16.6989 0.999999
16.7006 0.999999
16.7023 0.999999
16.7041 0.999999
16.7058 0.999999
16.7076 0.999999
16.7093 0.999999
16.7111 0.999999
16.7128 0.999999
16.7146 0.999999
16.7163 0.999999
16.718 0.999999
16.7198 0.999999
16.7215 0.999999
16.7233 0.999999
16.725 0.999999
16.7268 0.999999
16.7285 0.999999
16.7303 0.999999
16.732 0.999999
16.7337 0.999999
16.7355 0.999999
16.7372 0.999999
16.739 0.999999
16.7407 0.999999
16.7425 0.999999
16.7442 0.999999
16.746 0.999999
16.7477 0.999999
16.7494 0.999999
16.7512 0.999999
16.7529 0.999999
16.7547 0.999999
16.7564 0.999999
16.7582 0.999999
16.7599 0.999999
16.7617 0.999999
16.7634 0.999999
16.7651 0.999999
16.7669 0.999999
16.7686 0.999999
16.7704 0.999999
16.7721 0.999999
16.7739 0.999999
16.7756 0.999999
16.7774 0.999999
16.7791 0.999999
16.7808 0.999999
16.7826 0.999999
16.7843 0.999999
16.7861 0.999999
16.7878 0.999999
16.7896 0.999999
16.7913 0.999999
16.7931 0.999999
16.7948 0.999999
16.7965 0.999999
16.7983 0.999999
16.8 0.999999
16.8018 0.999999
16.8035 0.999999
16.8053 0.999999
16.807 0.999999
16.8087 0.999999
16.8105 0.999999
16.8122 0.999999
16.814 0.999999
16.8157 0.999999
16.8175 0.999999
16.8192 0.999999
16.821 0.999999
16.8227 0.999999
16.8244 0.999999
16.8262 0.999999
16.8279 0.999999
16.8297 0.999999
16.8314 0.999999
16.8332 0.999999
16.8349 0.999999
16.8367 0.999999
16.8384 0.999999
16.8401 0.999999
16.8419 0.999999
16.8436 0.999999
16.8454 0.999999
16.8471 0.999999
16.8489 0.999999
16.8506 0.999999
16.8524 0.999999
16.8541 0.999999
16.8558 0.999999
16.8576 0.999999
16.8593 0.999999
16.8611 0.999999
16.8628 0.999999
16.8646 0.999999
16.8663 0.999999
16.8681 0.999999
16.8698 0.999999
16.8715 0.999999
16.8733 0.999999
16.875 0.999999
16.8768 0.999999
16.8785 0.999999
16.8803 0.999999
16.882 0.999999
16.8838 0.999999
16.8855 0.999999
16.8872 0.999999
16.889 0.999999
16.8907 0.999999
16.8925 0.999999
16.8942 0.999999
16.896 0.999999
16.8977 0.999999
16.8995 0.999999
16.9012 0.999999
16.9029 0.999999
16.9047 0.999999
16.9064 0.999999
16.9082 0.999999
16.9099 0.999999
16.9117 0.999999
16.9134 0.999999
16.9152 0.999999
16.9169 0.999999
16.9186 0.999999
16.9204 0.999999
16.9221 0.999999
16.9239 0.999999
16.9256 0.999999
16.9274 0.999999
16.9291 0.999999
16.9309 0.999999
16.9326 0.999999
16.9343 0.999999
16.9361 0.999999
16.9378 0.999999
16.9396 0.999999
16.9413 0.999999
16.9431 0.999999
16.9448 0.999999
16.9466 0.999999
16.9483 0.999999
16.95 0.999999
16.9518 0.999999
16.9535 0.999999
16.9553 0.999999
16.957 0.999999
16.9588 0.999999
16.9605 0.999999
16.9622 0.999999
16.964 0.999999
16.9657 0.999999
16.9675 0.999999
16.9692 0.999999
16.971 0.999999
16.9727 0.999999
16.9745 0.999999
16.9762 0.999999
16.9779 0.999999
16.9797 0.999999
16.9814 0.999999
16.9832 0.999999
16.9849 0.999999
16.9867 0.999999
16.9884 0.999999
16.9902 0.999999
16.9919 0.999999
16.9936 0.999999
16.9954 0.999999
16.9971 0.999999
16.9989 0.999999
17.0006 0.999999
17.0024 0.999999
17.0041 0.999999
17.0059 0.999999
17.0076 0.999999
17.0093 0.999999
17.0111 0.999999
17.0128 0.999999
17.0146 0.999999
17.0163 0.999999
17.0181 0.999999
17.0198 0.999999
17.0216 0.999999
17.0233 0.999999
17.025 0.999999
17.0268 0.999999
17.0285 0.999999
17.0303 0.999999
17.032 0.999999
17.0338 0.999999
17.0355 0.999999
17.0373 0.999999
17.039 0.999999
17.0407 0.999999
17.0425 0.999999
17.0442 0.999999
17.046 0.999999
17.0477 0.999999
17.0495 0.999999
17.0512 0.999999
17.053 0.999999
17.0547 0.999999
17.0564 0.999999
17.0582 0.999999
17.0599 0.999999
17.0617 0.999999
17.0634 0.999999
17.0652 0.999999
17.0669 0.999999
17.0687 0.999999
17.0704 0.999999
17.0721 0.999999
17.0739 0.999999
17.0756 0.999999
17.0774 0.999999
17.0791 0.999999
17.0809 0.999999
17.0826 0.999999
17.0844 0.999999
17.0861 0.999999
17.0878 0.999999
17.0896 0.999999
17.0913 0.999999
17.0931 0.999999
17.0948 0.999999
17.0966 0.999999
17.0983 0.999999
17.1001 0.999999
17.1018 0.999999
17.1035 0.999999
17.1053 0.999999
17.107 0.999999
17.1088 0.999999
17.1105 0.999999
17.1123 0.999999
17.114 0.999999
17.1157 0.999999
17.1175 0.999999
17.1192 0.999999
17.121 0.999999
17.1227 0.999999
17.1245 0.999999
17.1262 0.999999
17.128 0.999999
17.1297 0.999999
17.1314 0.999999
17.1332 0.999999
17.1349 0.999999
17.1367 0.999999
17.1384 0.999999
17.1402 0.999999
17.1419 0.999999
17.1437 0.999999
17.1454 0.999999
17.1471 0.999999
17.1489 0.999999
17.1506 0.999999
17.1524 0.999999
17.1541 0.999999
17.1559 0.999999
17.1576 0.999999
17.1594 0.999999
17.1611 0.999999
17.1628 0.999999
17.1646 0.999999
17.1663 0.999999
17.1681 0.999999
17.1698 0.999999
17.1716 0.999999
17.1733 0.999999
17.1751 0.999999
17.1768 0.999999
17.1785 0.999999
17.1803 0.999999
17.182 0.999999
17.1838 0.999999
17.1855 0.999999
17.1873 0.999999
17.189 0.999999
17.1908 0.999999
17.1925 0.999999
17.1942 0.999999
17.196 0.999999
17.1977 0.999999
17.1995 0.999999
17.2012 0.999999
17.203 0.999999
17.2047 0.999999
17.2065 0.999999
17.2082 0.999999
17.2099 0.999999
17.2117 0.999999
17.2134 0.999999
17.2152 0.999999
17.2169 0.999999
17.2187 0.999999
17.2204 0.999999
17.2222 0.999999
17.2239 0.999999
17.2256 0.999999
17.2274 0.999999
17.2291 0.999999
17.2309 0.999999
17.2326 0.999999
17.2344 0.999999
17.2361 0.999999
17.2379 0.999999
17.2396 0.999999
17.2413 0.999999
17.2431 0.999999
17.2448 0.999999
17.2466 0.999999
17.2483 0.999999
17.2501 0.999999
17.2518 0.999999
17.2536 0.999999
17.2553 0.999999
17.257 0.999999
17.2588 0.999999
17.2605 0.999999
17.2623 0.999999
17.264 0.999999
17.2658 0.999999
17.2675 0.999999
17.2693 0.999999
17.271 0.999999
17.2727 0.999999
17.2745 0.999999
17.2762 0.999999
17.278 0.999999
17.2797 0.999999
17.2815 0.999999
17.2832 0.999999
17.2849 0.999999
17.2867 0.999999
17.2884 0.999999
17.2902 0.999999
17.2919 0.999999
17.2937 0.999999
17.2954 0.999999
17.2972 0.999999
17.2989 0.999999
17.3006 0.999999
17.3024 0.999999
17.3041 0.999999
17.3059 0.999999
17.3076 0.999999
17.3094 0.999999
17.3111 0.999999
17.3129 0.999999
17.3146 0.999999
17.3163 0.999999
17.3181 0.999999
17.3198 0.999999
17.3216 0.999999
17.3233 0.999999
17.3251 0.999999
17.3268 0.999999
17.3286 0.999999
17.3303 0.999999
17.332 0.999999
17.3338 0.999999
17.3355 0.999999
17.3373 0.999999
17.339 0.999999
17.3408 0.999999
17.3425 0.999999
17.3443 0.999999
17.346 0.999999
17.3477 0.999999
17.3495 0.999999
17.3512 0.999999
17.353 0.999999
17.3547 0.999999
17.3565 0.999999
17.3582 0.999999
17.36 0.999999
17.3617 0.999999
17.3634 0.999999
17.3652 0.999999
17.3669 0.999999
17.3687 0.999999
17.3704 0.999999
17.3722 0.999999
17.3739 0.999999
17.3757 0.999999
17.3774 0.999999
17.3791 0.999999
17.3809 0.999999
17.3826 0.999999
17.3844 0.999999
17.3861 0.999999
17.3879 0.999999
17.3896 0.999999
17.3914 0.999999
17.3931 0.999999
17.3948 0.999999
17.3966 0.999999
17.3983 0.999999
17.4001 0.999999
17.4018 0.999999
17.4036 0.999999
17.4053 0.999999
17.4071 0.999999
17.4088 0.999999
17.4105 0.999999
17.4123 0.999999
17.414 0.999999
17.4158 0.999999
17.4175 0.999999
17.4193 0.999999
17.421 0.999999
17.4228 0.999999
17.4245 0.999999
17.4262 0.999999
17.428 0.999999
17.4297 0.999999
17.4315 0.999999
17.4332 0.999999
17.435 0.999999
17.4367 0.999999
17.4384 0.999999
17.4402 0.999999
17.4419 0.999999
17.4437 0.999999
17.4454 0.999999
17.4472 0.999999
17.4489 0.999999
17.4507 0.999999
17.4524 0.999999
17.4541 0.999999
17.4559 0.999999
17.4576 0.999999
17.4594 0.999999
17.4611 0.999999
17.4629 0.999999
17.4646 0.999999
17.4664 0.999999
17.4681 0.999999
17.4698 0.999999
17.4716 0.999999
17.4733 0.999999
17.4751 0.999999
17.4768 0.999999
17.4786 0.999999
17.4803 0.999999
17.4821 0.999999
17.4838 0.999999
17.4855 0.999999
17.4873 0.999999
17.489 0.999999
17.4908 0.999999
17.4925 0.999999
17.4943 0.999999
17.496 0.999999
17.4978 0.999999
17.4995 0.999999
17.5012 0.999999
17.503 0.999999
17.5047 0.999999
17.5065 0.999999
17.5082 0.999999
17.51 0.999999
17.5117 0.999999
17.5135 0.999999
17.5152 0.999999
17.5169 0.999999
17.5187 0.999999
17.5204 0.999999
17.5222 0.999999
17.5239 0.999999
17.5257 0.999999
17.5274 0.999999
17.5292 0.999999
17.5309 0.999999
17.5326 0.999999
17.5344 0.999999
17.5361 0.999999
17.5379 0.999999
17.5396 0.999999
17.5414 0.999999
17.5431 0.999999
17.5449 0.999999
17.5466 0.999999
17.5483 0.999999
17.5501 0.999999
17.5518 0.999999
17.5536 0.999999
17.5553 0.999999
17.5571 0.999999
17.5588 0.999999
17.5606 0.999999
17.5623 0.999999
17.564 0.999999
17.5658 0.999999
17.5675 0.999999
17.5693 0.999999
17.571 0.999999
17.5728 0.999999
17.5745 0.999999
17.5763 0.999999
17.578 0.999999
17.5797 0.999999
17.5815 0.999999
17.5832 0.999999
17.585 0.999999
17.5867 0.999999
17.5885 0.999999
17.5902 0.999999
17.5919 0.999999
17.5937 0.999999
17.5954 0.999999
17.5972 0.999999
17.5989 0.999999
17.6007 0.999999
17.6024 0.999999
17.6042 0.999999
17.6059 0.999999
17.6076 0.999999
17.6094 0.999999
17.6111 0.999999
17.6129 0.999999
17.6146 0.999999
17.6164 0.999999
17.6181 0.999999
17.6199 0.999999
17.6216 0.999999
17.6233 0.999999
17.6251 0.999999
17.6268 0.999999
17.6286 0.999999
17.6303 0.999999
17.6321 0.999999
17.6338 0.999999
17.6356 0.999999
17.6373 0.999999
17.639 0.999999
17.6408 0.999999
17.6425 0.999999
17.6443 0.999999
17.646 0.999999
17.6478 0.999999
17.6495 0.999999
17.6513 0.999999
17.653 0.999999
17.6547 0.999999
17.6565 0.999999
17.6582 0.999999
17.66 0.999999
17.6617 0.999999
17.6635 0.999999
17.6652 0.999999
17.667 0.999999
17.6687 0.999999
17.6704 0.999999
17.6722 0.999999
17.6739 0.999999
17.6757 0.999999
17.6774 0.999999
17.6792 0.999999
17.6809 0.999999
17.6827 0.999999
17.6844 0.999999
17.6861 0.999999
17.6879 0.999999
17.6896 0.999999
17.6914 0.999999
17.6931 0.999999
17.6949 0.999999
17.6966 0.999999
17.6984 0.999999
17.7001 0.999999
17.7018 0.999999
17.7036 0.999999
17.7053 0.999999
17.7071 0.999999
17.7088 0.999999
17.7106 0.999999
17.7123 0.999999
17.7141 0.999999
17.7158 0.999999
17.7175 0.999999
17.7193 0.999999
17.721 0.999999
17.7228 0.999999
17.7245 0.999999
17.7263 0.999999
17.728 0.999999
17.7298 0.999999
17.7315 0.999999
17.7332 0.999999
17.735 0.999999
17.7367 0.999999
17.7385 0.999999
17.7402 0.999999
17.742 0.999999
17.7437 0.999999
17.7454 0.999999
17.7472 0.999999
17.7489 0.999999
17.7507 0.999999
17.7524 0.999999
17.7542 0.999999
17.7559 0.999999
17.7577 0.999999
17.7594 0.999999
17.7611 0.999999
17.7629 0.999999
17.7646 0.999999
17.7664 0.999999
17.7681 0.999999
17.7699 0.999999
17.7716 0.999999
17.7734 0.999999
17.7751 0.999999
17.7768 0.999999
17.7786 0.999999
17.7803 0.999999
17.7821 0.999999
17.7838 0.999999
17.7856 0.999999
17.7873 0.999999
17.7891 0.999999
17.7908 0.999999
17.7925 0.999999
17.7943 0.999999
17.796 0.999999
17.7978 0.999999
17.7995 0.999999
17.8013 0.999999
17.803 0.999999
17.8048 0.999999
17.8065 0.999999
17.8082 0.999999
17.81 0.999999
17.8117 0.999999
17.8135 0.999999
17.8152 0.999999
17.817 0.999999
17.8187 0.999999
17.8205 0.999999
17.8222 0.999999
17.8239 0.999999
17.8257 0.999999
17.8274 0.999999
17.8292 0.999999
17.8309 0.999999
17.8327 0.999999
17.8344 0.999999
17.8362 0.999999
17.8379 0.999999
17.8396 0.999999
17.8414 0.999999
17.8431 0.999999
17.8449 0.999999
17.8466 0.999999
17.8484 0.999999
17.8501 0.999999
17.8519 0.999999
17.8536 0.999999
17.8553 0.999999
17.8571 0.999999
17.8588 0.999999
17.8606 0.999999
17.8623 0.999999
17.8641 0.999999
17.8658 0.999999
17.8676 0.999999
17.8693 0.999999
17.871 0.999999
17.8728 0.999999
17.8745 0.999999
17.8763 0.999999
17.878 0.999999
17.8798 0.999999
17.8815 0.999999
17.8833 0.999999
17.885 0.999999
17.8867 0.999999
17.8885 0.999999
17.8902 0.999999
17.892 0.999999
17.8937 0.999999
17.8955 0.999999
17.8972 0.999999
17.8989 0.999999
17.9007 0.999999
17.9024 0.999999
17.9042 0.999999
17.9059 0.999999
17.9077 0.999999
17.9094 0.999999
17.9112 0.999999
17.9129 0.999999
17.9146 0.999999
17.9164 0.999999
17.9181 0.999999
17.9199 0.999999
17.9216 0.999999
17.9234 0.999999
17.9251 0.999999
17.9269 0.999999
17.9286 0.999999
17.9303 0.999999
17.9321 0.999999
17.9338 0.999999
17.9356 0.999999
17.9373 0.999999
17.9391 0.999999
17.9408 0.999999
17.9426 0.999999
17.9443 0.999999
17.946 0.999999
17.9478 0.999999
17.9495 0.999999
17.9513 0.999999
17.953 0.999999
17.9548 0.999999
17.9565 0.999999
17.9583 0.999999
17.96 0.999999
17.9617 0.999999
17.9635 0.999999
17.9652 0.999999
17.967 0.999999
17.9687 0.999999
17.9705 0.999999
17.9722 0.999999
17.974 0.999999
17.9757 0.999999
17.9774 0.999999
17.9792 0.999999
17.9809 0.999999
17.9827 0.999999
17.9844 0.999999
17.9862 0.999999
17.9879 0.999999
17.9897 0.999999
17.9914 0.999999
17.9931 0.999999
17.9949 0.999999
17.9966 0.999999
17.9984 0.999999
18.0001 0.999999
18.0019 0.999999
18.0036 0.999999
18.0054 0.999999
18.0071 0.999999
18.0088 0.999999
18.0106 0.999999
18.0123 0.999999
18.0141 0.999999
18.0158 0.999999
18.0176 0.999999
18.0193 0.999999
18.0211 0.999999
18.0228 0.999999
18.0245 0.999999
18.0263 0.999999
18.028 0.999999
18.0298 0.999999
18.0315 0.999999
18.0333 0.999999
18.035 0.999999
18.0368 0.999999
18.0385 0.999999
18.0402 0.999999
18.042 0.999999
18.0437 0.999999
18.0455 0.999999
18.0472 0.999999
18.049 0.999999
18.0507 0.999999
18.0524 0.999999
18.0542 0.999999
18.0559 0.999999
18.0577 0.999999
18.0594 0.999999
18.0612 0.999999
18.0629 0.999999
18.0647 0.999999
18.0664 0.999999
18.0681 0.999999
18.0699 0.999999
18.0716 0.999999
18.0734 0.999999
18.0751 0.999999
18.0769 0.999999
18.0786 0.999999
18.0804 0.999999
18.0821 0.999999
18.0838 0.999999
18.0856 0.999999
18.0873 0.999999
18.0891 0.999999
18.0908 0.999999
18.0926 0.999999
18.0943 0.999999
18.0961 0.999999
18.0978 0.999999
18.0995 0.999999
18.1013 0.999999
18.103 0.999999
18.1048 0.999999
18.1065 0.999999
18.1083 0.999999
18.11 0.999999
18.1118 0.999999
18.1135 0.999999
18.1152 0.999999
18.117 0.999999
18.1187 0.999999
18.1205 0.999999
18.1222 0.999999
18.124 0.999999
18.1257 0.999999
18.1275 0.999999
18.1292 0.999999
18.1309 0.999999
18.1327 0.999999
18.1344 0.999999
18.1362 0.999999
18.1379 0.999999
18.1397 0.999999
18.1414 0.999999
18.1432 0.999999
18.1449 0.999999
18.1466 0.999999
18.1484 0.999999
18.1501 0.999999
18.1519 0.999999
18.1536 0.999999
18.1554 0.999999
18.1571 0.999999
18.1589 0.999999
18.1606 0.999999
18.1623 0.999999
18.1641 0.999999
18.1658 0.999999
18.1676 0.999999
18.1693 0.999999
18.1711 0.999999
18.1728 0.999999
18.1746 0.999999
18.1763 0.999999
18.178 0.999999
18.1798 0.999999
18.1815 0.999999
18.1833 0.999999
18.185 0.999999
18.1868 0.999999
18.1885 0.999999
18.1903 0.999999
18.192 0.999999
18.1937 0.999999
18.1955 0.999999
18.1972 0.999999
18.199 0.999999
18.2007 0.999999
18.2025 0.999999
18.2042 0.999999
18.2059 0.999999
18.2077 0.999999
18.2094 0.999999
18.2112 0.999999
18.2129 0.999999
18.2147 0.999999
18.2164 0.999999
18.2182 0.999999
18.2199 0.999999
18.2216 0.999999
18.2234 0.999999
18.2251 0.999999
18.2269 0.999999
18.2286 0.999999
18.2304 0.999999
18.2321 0.999999
18.2339 0.999999
18.2356 0.999999
18.2373 0.999999
18.2391 0.999999
18.2408 0.999999
18.2426 0.999999
18.2443 0.999999
18.2461 0.999999
18.2478 0.999999
18.2496 0.999999
18.2513 0.999999
18.253 0.999999
18.2548 0.999999
18.2565 0.999999
18.2583 0.999999
18.26 0.999999
18.2618 0.999999
18.2635 0.999999
18.2653 0.999999
18.267 0.999999
18.2687 0.999999
18.2705 0.999999
18.2722 0.999999
18.274 0.999999
18.2757 0.999999
18.2775 0.999999
18.2792 0.999999
18.281 0.999999
18.2827 0.999999
18.2844 0.999999
18.2862 0.999999
18.2879 0.999999
18.2897 0.999999
18.2914 0.999999
18.2932 0.999999
18.2949 0.999999
18.2967 0.999999
18.2984 0.999999
18.3001 0.999999
18.3019 0.999999
18.3036 0.999999
18.3054 0.999999
18.3071 0.999999
18.3089 0.999999
18.3106 0.999999
18.3124 0.999999
18.3141 0.999999
18.3158 0.999999
18.3176 0.999999
18.3193 0.999999
18.3211 0.999999
18.3228 0.999999
18.3246 0.999999
18.3263 1
18.3281 1
18.3298 1
18.3315 1
18.3333 1
18.335 1
18.3368 1
18.3385 1
18.3403 1
18.342 1
18.3438 1
18.3455 1
18.3472 1
18.349 1
18.3507 1
18.3525 1
18.3542 1
18.356 1
18.3577 1
18.3595 1
18.3612 1
18.3629 1
18.3647 1
18.3664 1
18.3682 1
18.3699 1
18.3717 1
18.3734 1
18.3751 1
18.3769 1
18.3786 1
18.3804 1
18.3821 1
18.3839 1
18.3856 1
18.3874 1
18.3891 1
18.3908 1
18.3926 1
18.3943 1
18.3961 1
18.3978 1
18.3996 1
18.4013 1
18.4031 1
18.4048 1
18.4065 1
18.4083 1
18.41 1
18.4118 1
18.4135 1
18.4153 1
18.417 1
18.4188 1
18.4205 1
18.4222 1
18.424 1
18.4257 1
18.4275 1
18.4292 1
18.431 1
18.4327 1
18.4345 1
18.4362 1
18.4379 1
18.4397 1
18.4414 1
18.4432 1
18.4449 1
18.4467 1
18.4484 1
18.4502 1
18.4519 1
18.4536 1
18.4554 1
18.4571 1
18.4589 1
18.4606 1
18.4624 1
18.4641 1
18.4659 1
18.4676 1
18.4693 1
18.4711 1
18.4728 1
18.4746 1
18.4763 1
18.4781 1
18.4798 1
18.4816 1
18.4833 1
18.485 1
18.4868 1
18.4885 1
18.4903 1
18.492 1
18.4938 1
18.4955 1
18.4973 1
18.499 1
18.5007 1
18.5025 1
18.5042 1
18.506 1
18.5077 1
18.5095 1
18.5112 1
18.513 1
18.5147 1
18.5164 1
18.5182 1
18.5199 1
18.5217 1
18.5234 1
18.5252 1
18.5269 1
18.5286 1
18.5304 1
18.5321 1
18.5339 1
18.5356 1
18.5374 1
18.5391 1
18.5409 1
18.5426 1
18.5443 1
18.5461 1
18.5478 1
18.5496 1
18.5513 1
18.5531 1
18.5548 1
18.5566 1
18.5583 1
18.56 1
18.5618 1
18.5635 1
18.5653 1
18.567 1
18.5688 1
18.5705 1
18.5723 1
18.574 1
18.5757 1
18.5775 1
18.5792 1
18.581 1
18.5827 1
18.5845 1
18.5862 1
18.588 1
18.5897 1
18.5914 1
18.5932 1
18.5949 1
18.5967 1
18.5984 1
18.6002 1
18.6019 1
18.6037 1
18.6054 1
18.6071 1
18.6089 1
18.6106 1
18.6124 1
18.6141 1
18.6159 1
18.6176 1
18.6194 1
18.6211 1
18.6228 1
18.6246 1
18.6263 1
18.6281 1
18.6298 1
18.6316 1
18.6333 1
18.6351 1
18.6368 1
18.6385 1
18.6403 1
18.642 1
18.6438 1
18.6455 1
18.6473 1
18.649 1
18.6508 1
18.6525 1
18.6542 1
18.656 1
18.6577 1
18.6595 1
18.6612 1
18.663 1
18.6647 1
18.6665 1
18.6682 1
18.6699 1
18.6717 1
18.6734 1
18.6752 1
18.6769 1
18.6787 1
18.6804 1
18.6821 1
18.6839 1
18.6856 1
18.6874 1
18.6891 1
18.6909 1
18.6926 1
18.6944 1
18.6961 1
18.6978 1
18.6996 1
18.7013 1
18.7031 1
18.7048 1
18.7066 1
18.7083 1
18.7101 1
18.7118 1
18.7135 1
18.7153 1
18.717 1
18.7188 1
18.7205 1
18.7223 1
18.724 1
18.7258 1
18.7275 1
18.7292 1
18.731 1
18.7327 1
18.7345 1
18.7362 1
18.738 1
18.7397 1
18.7415 1
18.7432 1
18.7449 1
18.7467 1
18.7484 1
18.7502 1
18.7519 1
18.7537 1
18.7554 1
18.7572 1
18.7589 1
18.7606 1
18.7624 1
18.7641 1
18.7659 1
18.7676 1
18.7694 1
18.7711 1
18.7729 1
18.7746 1
18.7763 1
18.7781 1
18.7798 1
18.7816 1
18.7833 1
18.7851 1
18.7868 1
18.7886 1
18.7903 1
18.792 1
18.7938 1
18.7955 1
18.7973 1
18.799 1
18.8008 1
18.8025 1
18.8043 1
18.806 1
18.8077 1
18.8095 1
18.8112 1
18.813 1
18.8147 1
18.8165 1
18.8182 1
18.82 1
18.8217 1
18.8234 1
18.8252 1
18.8269 1
18.8287 1
18.8304 1
18.8322 1
18.8339 1
18.8356 1
18.8374 1
18.8391 1
18.8409 1
18.8426 1
18.8444 1
18.8461 1
18.8479 1
18.8496 1
18.8513 1
18.8531 1
18.8548 1
18.8566 1
18.8583 1
18.8601 1
18.8618 1
18.8636 1
18.8653 1
18.867 1
18.8688 1
18.8705 1
18.8723 1
18.874 1
18.8758 1
18.8775 1
18.8793 1
18.881 1
18.8827 1
18.8845 1
18.8862 1
18.888 1
18.8897 1
18.8915 1
18.8932 1
18.895 1
18.8967 1
18.8984 1
18.9002 1
18.9019 1
18.9037 1
18.9054 1
18.9072 1
18.9089 1
18.9107 1
18.9124 1
18.9141 1
18.9159 1
18.9176 1
18.9194 1
18.9211 1
18.9229 1
18.9246 1
18.9264 1
18.9281 1
18.9298 1
18.9316 1
18.9333 1
18.9351 1
18.9368 1
18.9386 1
18.9403 1
18.9421 1
18.9438 1
18.9455 1
18.9473 1
18.949 1
18.9508 1
18.9525 1
18.9543 1
18.956 1
18.9578 1
18.9595 1
18.9612 1
18.963 1
18.9647 1
18.9665 1
18.9682 1
18.97 1
18.9717 1
18.9735 1
18.9752 1
18.9769 1
18.9787 1
18.9804 1
18.9822 1
18.9839 1
18.9857 1
18.9874 1
18.9891 1
18.9909 1
18.9926 1
18.9944 1
18.9961 1
18.9979 1
18.9996 1
19.0014 1
19.0031 1
19.0048 1
19.0066 1
19.0083 1
19.0101 1
19.0118 1
19.0136 1
19.0153 1
19.0171 1
19.0188 1
19.0205 1
19.0223 1
19.024 1
19.0258 1
19.0275 1
19.0293 1
19.031 1
19.0328 1
19.0345 1
19.0362 1
19.038 1
19.0397 1
19.0415 1
19.0432 1
19.045 1
19.0467 1
19.0485 1
19.0502 1
19.0519 1
19.0537 1
19.0554 1
19.0572 1
19.0589 1
19.0607 1
19.0624 1
19.0642 1
19.0659 1
19.0676 1
19.0694 1
19.0711 1
19.0729 1
19.0746 1
19.0764 1
19.0781 1
19.0799 1
19.0816 1
19.0833 1
19.0851 1
19.0868 1
19.0886 1
19.0903 1
19.0921 1
19.0938 1
19.0956 1
19.0973 1
19.099 1
19.1008 1
19.1025 1
19.1043 1
19.106 1
19.1078 1
19.1095 1
19.1113 1
19.113 1
19.1147 1
19.1165 1
19.1182 1
19.12 1
19.1217 1
19.1235 1
19.1252 1
19.127 1
19.1287 1
19.1304 1
19.1322 1
19.1339 1
19.1357 1
19.1374 1
19.1392 1
19.1409 1
19.1426 1
19.1444 1
19.1461 1
19.1479 1
19.1496 1
19.1514 1
19.1531 1
19.1549 1
19.1566 1
19.1583 1
19.1601 1
19.1618 1
19.1636 1
19.1653 1
19.1671 1
19.1688 1
19.1706 1
19.1723 1
19.174 1
19.1758 1
19.1775 1
19.1793 1
19.181 1
19.1828 1
19.1845 1
19.1863 1
19.188 1
19.1897 1
19.1915 1
19.1932 1
19.195 1
19.1967 1
19.1985 1
19.2002 1
19.202 1
19.2037 1
19.2054 1
19.2072 1
19.2089 1
19.2107 1
19.2124 1
19.2142 1
19.2159 1
19.2177 1
19.2194 1
19.2211 1
19.2229 1
19.2246 1
19.2264 1
19.2281 1
19.2299 1
19.2316 1
19.2334 1
19.2351 1
19.2368 1
19.2386 1
19.2403 1
19.2421 1
19.2438 1
19.2456 1
19.2473 1
19.2491 1
19.2508 1
19.2525 1
19.2543 1
19.256 1
19.2578 1
19.2595 1
19.2613 1
19.263 1
19.2648 1
19.2665 1
19.2682 1
19.27 1
19.2717 1
19.2735 1
19.2752 1
19.277 1
19.2787 1
19.2805 1
19.2822 1
19.2839 1
19.2857 1
19.2874 1
19.2892 1
19.2909 1
19.2927 1
19.2944 1
19.2962 1
19.2979 1
19.2996 1
19.3014 1
19.3031 1
19.3049 1
19.3066 1
19.3084 1
19.3101 1
19.3118 1
19.3136 1
19.3153 1
19.3171 1
19.3188 1
19.3206 1
19.3223 1
19.3241 1
19.3258 1
19.3275 1
19.3293 1
19.331 1
19.3328 1
19.3345 1
19.3363 1
19.338 1
19.3398 1
19.3415 1
19.3432 1
19.345 1
19.3467 1
19.3485 1
19.3502 1
19.352 1
19.3537 1
19.3555 1
19.3572 1
19.3589 1
19.3607 1
19.3624 1
19.3642 1
19.3659 1
19.3677 1
19.3694 1
19.3712 1
19.3729 1
19.3746 1
19.3764 1
19.3781 1
19.3799 1
19.3816 1
19.3834 1
19.3851 1
19.3869 1
19.3886 1
19.3903 1
19.3921 1
19.3938 1
19.3956 1
19.3973 1
19.3991 1
19.4008 1
19.4026 1
19.4043 1
19.406 1
19.4078 1
19.4095 1
19.4113 1
19.413 1
19.4148 1
19.4165 1
19.4183 1
19.42 1
19.4217 1
19.4235 1
19.4252 1
19.427 1
19.4287 1
19.4305 1
19.4322 1
19.434 1
19.4357 1
19.4374 1
19.4392 1
19.4409 1
19.4427 1
19.4444 1
19.4462 1
19.4479 1
19.4497 1
19.4514 1
19.4531 1
19.4549 1
19.4566 1
19.4584 1
19.4601 1
19.4619 1
19.4636 1
19.4653 1
19.4671 1
19.4688 1
19.4706 1
19.4723 1
19.4741 1
19.4758 1
19.4776 1
19.4793 1
19.481 1
19.4828 1
19.4845 1
19.4863 1
19.488 1
19.4898 1
19.4915 1
19.4933 1
19.495 1
19.4967 1
19.4985 1
19.5002 1
19.502 1
19.5037 1
19.5055 1
19.5072 1
19.509 1
19.5107 1
19.5124 1
19.5142 1
19.5159 1
19.5177 1
19.5194 1
19.5212 1
19.5229 1
19.5247 1
19.5264 1
19.5281 1
19.5299 1
19.5316 1
19.5334 1
19.5351 1
19.5369 1
19.5386 1
19.5404 1
19.5421 1
19.5438 1
19.5456 1
19.5473 1
19.5491 1
19.5508 1
19.5526 1
19.5543 1
19.5561 1
19.5578 1
19.5595 1
19.5613 1
19.563 1
19.5648 1
19.5665 1
19.5683 1
19.57 1
19.5718 1
19.5735 1
19.5752 1
19.577 1
19.5787 1
19.5805 1
19.5822 1
19.584 1
19.5857 1
19.5875 1
19.5892 1
19.5909 1
19.5927 1
19.5944 1
19.5962 1
19.5979 1
19.5997 1
19.6014 1
19.6032 1
19.6049 1
19.6066 1
19.6084 1
19.6101 1
19.6119 1
19.6136 1
19.6154 1
19.6171 1
19.6188 1
19.6206 1
19.6223 1
19.6241 1
19.6258 1
19.6276 1
19.6293 1
19.6311 1
19.6328 1
19.6345 1
19.6363 1
19.638 1
19.6398 1
19.6415 1
19.6433 1
19.645 1
19.6468 1
19.6485 1
19.6502 1
19.652 1
19.6537 1
19.6555 1
19.6572 1
19.659 1
19.6607 1
19.6625 1
19.6642 1
19.6659 1
19.6677 1
19.6694 1
19.6712 1
19.6729 1
19.6747 1
19.6764 1
19.6782 1
19.6799 1
19.6816 1
19.6834 1
19.6851 1
19.6869 1
19.6886 1
19.6904 1
19.6921 1
19.6939 1
19.6956 1
19.6973 1
19.6991 1
19.7008 1
19.7026 1
19.7043 1
19.7061 1
19.7078 1
19.7096 1
19.7113 1
19.713 1
19.7148 1
19.7165 1
19.7183 1
19.72 1
19.7218 1
19.7235 1
19.7253 1
19.727 1
19.7287 1
19.7305 1
19.7322 1
19.734 1
19.7357 1
19.7375 1
19.7392 1
19.741 1
19.7427 1
19.7444 1
19.7462 1
19.7479 1
19.7497 1
19.7514 1
19.7532 1
19.7549 1
19.7567 1
19.7584 1
19.7601 1
19.7619 1
19.7636 1
19.7654 1
19.7671 1
19.7689 1
19.7706 1
19.7723 1
19.7741 1
19.7758 1
19.7776 1
19.7793 1
19.7811 1
19.7828 1
19.7846 1
19.7863 1
19.788 1
19.7898 1
19.7915 1
19.7933 1
19.795 1
19.7968 1
19.7985 1
19.8003 1
19.802 1
19.8037 1
19.8055 1
19.8072 1
19.809 1
19.8107 1
19.8125 1
19.8142 1
19.816 1
19.8177 1
19.8194 1
19.8212 1
19.8229 1
19.8247 1
19.8264 1
19.8282 1
19.8299 1
19.8317 1
19.8334 1
19.8351 1
19.8369 1
19.8386 1
19.8404 1
19.8421 1
19.8439 1
19.8456 1
19.8474 1
19.8491 1
19.8508 1
19.8526 1
19.8543 1
19.8561 1
19.8578 1
19.8596 1
19.8613 1
19.8631 1
19.8648 1
19.8665 1
19.8683 1
19.87 1
19.8718 1
19.8735 1
19.8753 1
19.877 1
19.8788 1
19.8805 1
19.8822 1
19.884 1
19.8857 1
19.8875 1
19.8892 1
19.891 1
19.8927 1
19.8945 1
19.8962 1
19.8979 1
19.8997 1
19.9014 1
19.9032 1
19.9049 1
19.9067 1
19.9084 1
19.9102 1
19.9119 1
19.9136 1
19.9154 1
19.9171 1
19.9189 1
19.9206 1
19.9224 1
19.9241 1
19.9259 1
19.9276 1
19.9293 1
19.9311 1
19.9328 1
19.9346 1
19.9363 1
19.9381 1
19.9398 1
19.9415 1
19.9433 1
19.945 1
19.9468 1
19.9485 1
19.9503 1
19.952 1
19.9538 1
19.9555 1
19.9572 1
19.959 1
19.9607 1
19.9625 1
19.9642 1
19.966 1
19.9677 1
19.9695 1
19.9712 1
19.9729 1
19.9747 1
19.9764 1
19.9782 1
19.9799 1
19.9817 1
19.9834 1
19.9852 1
19.9869 1
19.9886 1
19.9904 1
19.9921 1
19.9939 1
19.9956 1
19.9974 1
19.9991 1
20 1
